uuid,start_time,end_time,time_offset,count,calorie,distance
ee2907f1-244a-43e6-b8be-06da3659eeaf,1682899200000,1682985540000,600,1075,43,752
3c0d7480-6074-4319-bbbb-b3e6a7b23cbc,1682985600000,1683071940000,600,14539,581,10177
e287db20-e1a1-4076-a115-b14042f8ab6f,1683072000000,1683158340000,600,5481,219,3836
8b32df9c-1269-4a3a-90ca-91909efca002,1683158400000,1683244740000,600,4941,197,3458
0a4dad78-2fea-4fb7-a229-fe9e140d23a2,1683244800000,1683331140000,600,5644,225,3950
c91607a8-ebb0-4785-a1b9-92fb6f766a74,1683331200000,1683417540000,600,6801,272,4760
0fa86864-c69f-4cc0-a252-d8f96db40c3d,1683417600000,1683503940000,600,6871,274,4809
828b3ae0-ed6c-417b-84b8-14183bf52010,1683504000000,1683590340000,600,4665,186,3265
3f0347b5-04bb-40b8-9682-c40d951b684c,1683590400000,1683676740000,600,7939,317,5557
293a7c37-9e31-4756-8a4a-ef7f34b12f3e,1683676800000,1683763140000,600,7156,286,5009
fcb30f83-7ea4-4660-94d7-b8c4a5fce4cf,1683763200000,1683849540000,600,1262,50,883
52cf952d-2d45-43c9-85ca-34b3461c94e8,1683849600000,1683935940000,600,6794,271,4755
e1ccec3f-7cf1-44c5-9e40-36960250af3f,1683936000000,1684022340000,600,14218,568,9952
ec4e6222-f813-45f8-bee4-84937e36ed99,1684022400000,1684108740000,600,1750,70,1225
a30dc936-2994-4b3f-9ae3-5f461dbdf5b3,1684108800000,1684195140000,600,7618,304,5332
a93c7331-cad8-4224-9c2a-30a39a5c31a9,1684195200000,1684281540000,600,6574,262,4601
8c79c8e9-8488-4a1f-ac9a-ba75b3c79a9b,1684281600000,1684367940000,600,1154,46,807
785c9fed-49be-43fc-a89c-d7f39d91c2d3,1684368000000,1684454340000,600,7739,309,5417
58584e31-5010-41d6-ba14-79babffb0b40,1684454400000,1684540740000,600,7586,303,5310
7c6f3039-6c17-4188-b25f-132bfe503e18,1684540800000,1684627140000,600,14466,578,10126
69dc0da4-5ad9-4255-b158-e7ccf158acca,1684627200000,1684713540000,600,1510,60,1057
80f4fd0e-7098-41c6-b3dc-c6735447043a,1684713600000,1684799940000,600,6296,251,4407
2cd38c74-cc41-46a7-8b44-79c0951fcf5a,1684800000000,1684886340000,600,15650,626,10955
6dbff23c-8963-4c32-aba3-12134174faab,1684886400000,1684972740000,600,6577,263,4603
960131c2-5b59-44d2-87b4-9a1c04202845,1684972800000,1685059140000,600,1910,76,1337
d11f7a55-0021-47ff-b88d-eb8246653283,1685059200000,1685145540000,600,7873,314,5511
16502c40-0303-48c3-b4a0-6631280ed3da,1685145600000,1685231940000,600,5105,204,3573
b29ed5ac-3559-48aa-8806-f38123cb1628,1685232000000,1685318340000,600,5824,232,4076
a30e8727-c89b-4eaa-a53a-22b904b88299,1685318400000,1685404740000,600,6926,277,4848
1e889fd5-a2e1-4d26-9f8c-3a6bdff4ee5b,1685404800000,1685491140000,600,4337,173,3035
b16cf1d5-5ca9-4885-b350-c9471dbe2205,1685491200000,1685577540000,600,4440,177,3108
9d594ec2-ba68-467e-9d74-aa02aaa4bdf0,1685577600000,1685663940000,600,1759,70,1231
f2f039e3-93a6-43cc-9fdb-9519e6edd2f0,1685664000000,1685750340000,600,4893,195,3425
1edd19d9-2ec8-4430-a120-4274b065515c,1685750400000,1685836740000,600,7541,301,5278
510b6d8f-2003-4144-99dd-f84f4333f122,1685836800000,1685923140000,600,5170,206,3618
f1503585-991e-4e9d-8d0e-d7309720b89e,1685923200000,1686009540000,600,5711,228,3997
e3f8a925-174e-4063-b797-0fd0454d402f,1686009600000,1686095940000,600,1942,77,1359
fb049147-c359-412a-8372-6cb161617bca,1686096000000,1686182340000,600,15487,619,10840
93945e16-5341-4361-9840-3ce419b03d43,1686182400000,1686268740000,600,5923,236,4146
03cfd4a4-c2d2-40f6-90b2-351ae140caba,1686268800000,1686355140000,600,5828,233,4079
3fc4e3d6-a725-4199-95b2-60c6387c9dc1,1686355200000,1686441540000,600,6948,277,4863
05788675-40f3-4ac6-ae61-6a88d727757d,1686441600000,1686527940000,600,1932,77,1352
0afb0b1d-79f8-4f1b-adcf-b6bffcbfc4b3,1686528000000,1686614340000,600,5628,225,3939
5b80c7a0-e431-4f05-9633-e97f5fd5325f,1686614400000,1686700740000,600,16875,675,11812
5662fedf-178a-424b-9b30-f4d6e2a696d5,1686700800000,1686787140000,600,4591,183,3213
0f011542-9b41-407f-9efe-4bcc083f3c6a,1686787200000,1686873540000,600,6339,253,4437
b31ac3ce-dc1c-41d9-90b8-796f6059f0d8,1686873600000,1686959940000,600,1834,73,1283
a0d338cb-39de-4d9b-8af3-4e50b6c87c8e,1686960000000,1687046340000,600,16575,663,11602
59b7ac02-c981-41d9-9105-d290bd332cbf,1687046400000,1687132740000,600,1937,77,1355
cd3580f0-1616-42fb-99fb-22bd5d8a58ff,1687132800000,1687219140000,600,5249,209,3674
2d3958c0-9a83-49db-bb3f-bf149616319b,1687219200000,1687305540000,600,5115,204,3580
94be2c56-2aaf-4308-a200-0bfc581e8167,1687305600000,1687391940000,600,1099,43,769
f0a1afe5-ae43-4c93-ba06-8c041be242e7,1687392000000,1687478340000,600,14382,575,10067
6458b425-a4a9-4e1a-887f-c9c584313320,1687478400000,1687564740000,600,5158,206,3610
dd7ce4f5-5796-4fbf-afea-ee1167ef5a29,1687564800000,1687651140000,600,4430,177,3101
03c1b7ff-3caf-422b-917f-c40609346d6a,1687651200000,1687737540000,600,6057,242,4239
46bf748c-94b2-4147-8fed-1eeb33d73e8a,1687737600000,1687823940000,600,1736,69,1215
d9ce7770-1bfc-47bb-ab5c-5bcb46474ce0,1687824000000,1687910340000,600,5042,201,3529
1b9c006f-2a8a-4067-8ffb-d898532447ed,1687910400000,1687996740000,600,1840,73,1288
2f161b95-f548-498e-b8f0-cc64e864496a,1687996800000,1688083140000,600,1036,41,725
b697ff73-a020-46a9-b375-10ec3f6480a7,1688083200000,1688169540000,600,1840,73,1288
f0fe1115-cf3b-445d-bcee-68afe5bda2d5,1688169600000,1688255940000,600,6595,263,4616
a63a56b4-db03-4920-897c-9029413baf93,1688256000000,1688342340000,600,13937,557,9755
61aab35b-28c2-4f96-a475-7a090a82203f,1688342400000,1688428740000,600,1481,59,1036
4ac4fba7-d8da-4012-9ff0-0eabfcd426f6,1688428800000,1688515140000,600,6647,265,4652
4efd498b-cc32-4c3e-8a73-e0d24a4566b9,1688515200000,1688601540000,600,1972,78,1380
23201147-2d5c-4713-9e7e-64688678925f,1688601600000,1688687940000,600,5664,226,3964
6df60815-4247-4519-b5b4-f5e845bfa2d4,1688688000000,1688774340000,600,7208,288,5045
8ea2f601-c469-4b8b-a76e-179dc26d099d,1688774400000,1688860740000,600,4499,179,3149
aa16c51d-a874-4ad0-b115-dbbf1b561409,1688860800000,1688947140000,600,7409,296,5186
b6484b8f-3e7b-45ca-8f95-435ca6b26fbc,1688947200000,1689033540000,600,14447,577,10112
41ddf3d1-9ce2-44d6-95e8-b89937d4b6aa,1689033600000,1689119940000,600,4241,169,2968
2f998432-18b0-44f4-bfda-8cd577d3cad5,1689120000000,1689206340000,600,1352,54,946
a6a7f05d-d3cf-47df-8816-bcd5d8c4ebcd,1689206400000,1689292740000,600,4841,193,3388
60df0279-97e9-45fb-9ba9-e35a162866e1,1689292800000,1689379140000,600,7693,307,5385
f4bfe99b-85f8-489c-add0-2741284bdd45,1689379200000,1689465540000,600,15362,614,10753
c4c4e6ff-47ca-45db-ab6e-a927f895cc7d,1689465600000,1689551940000,600,4074,162,2851
01d3d708-27cd-43a1-bfc5-4a9973ba9823,1689552000000,1689638340000,600,13760,550,9632
d1fe2cc9-a830-41e3-9a39-3468e9b2ad0c,1689638400000,1689724740000,600,14797,591,10357
64aa211f-98bb-4d16-ac40-e0321b7243a9,1689724800000,1689811140000,600,7244,289,5070
aa3b0a13-303a-450e-a84a-c008e4264a37,1689811200000,1689897540000,600,7220,288,5054
f9a82d36-d15a-4a0a-9468-9fa3da059897,1689897600000,1689983940000,600,1860,74,1302
6c5d1ff0-4459-4f53-8bfe-b09def39fae2,1689984000000,1690070340000,600,6433,257,4503
860ccf01-4aa0-424f-889a-d767335a6044,1690070400000,1690156740000,600,13456,538,9419
11456a29-1546-491c-8e69-a14940799051,1690156800000,1690243140000,600,1793,71,1255
69a41a2a-e193-481a-ad96-aaa983faa6bb,1690243200000,1690329540000,600,14821,592,10374
92c118a9-d422-4619-9c10-81dea4d131e6,1690329600000,1690415940000,600,5543,221,3880
edc78dc2-b438-46e2-8a64-534ae3f282d2,1690416000000,1690502340000,600,5487,219,3840
f4c70e0a-136f-43e3-881a-b692ab9318e7,1690502400000,1690588740000,600,5275,211,3692
27503472-8fbf-40dd-a4fb-05c2b68f56c2,1690588800000,1690675140000,600,6411,256,4487
74ddf69a-1eb5-470c-95bb-e75dd470fe5e,1690675200000,1690761540000,600,4820,192,3374
adf07f64-6a62-4ebe-bda7-1c08e8027777,1690761600000,1690847940000,600,7429,297,5200
7c15a98f-e044-4538-b24f-c1ece8818d1e,1690848000000,1690934340000,600,5135,205,3594
37a1597f-f676-4118-ba11-bc48fc88f947,1690934400000,1691020740000,600,6101,244,4270
9999d339-eeb3-4dee-8061-4d7acd646b08,1691020800000,1691107140000,600,1010,40,707
444b442d-9187-4ee2-ad07-a02b8034a57e,1691107200000,1691193540000,600,1982,79,1387
a09f48e3-246d-4a79-80e0-f2f0d6144f11,1691193600000,1691279940000,600,5663,226,3964
a9fd8b38-bcc5-42f1-be99-53f8ecce88f7,1691280000000,1691366340000,600,15511,620,10857
10d44389-2fb7-4629-9e00-e3d953014815,1691366400000,1691452740000,600,4003,160,2802
d98686d6-f5f7-4aa2-a173-b1389e10ca45,1691452800000,1691539140000,600,4947,197,3462
4584d88a-c5e8-4f30-8c75-e9c95317357e,1691539200000,1691625540000,600,5337,213,3735
c960d560-fd25-4399-b5e4-3aaa8ba2dcc6,1691625600000,1691711940000,600,15943,637,11160
06834d48-44d0-4a75-990d-d395b67e6958,1691712000000,1691798340000,600,4471,178,3129
fcce4d36-706f-4332-8620-c380beaf4e24,1691798400000,1691884740000,600,6448,257,4513
8f34a191-5d79-4e81-9ed7-faab9c50943c,1691884800000,1691971140000,600,6118,244,4282
9635281f-c656-42ad-abab-5749b67dd31c,1691971200000,1692057540000,600,5784,231,4048
3a179c5b-1d4e-4817-bd6d-8aee4d09710d,1692057600000,1692143940000,600,5828,233,4079
8d766188-d55a-4b7a-bb5d-19f97673b084,1692144000000,1692230340000,600,6921,276,4844
7a34f290-1e12-4bae-9598-eabf5a299329,1692230400000,1692316740000,600,7725,309,5407
755251be-3d21-4007-9ad4-34cbb9acf17c,1692316800000,1692403140000,600,1640,65,1148
9f770ea7-71ea-433c-a074-47cb53573514,1692403200000,1692489540000,600,6197,247,4337
55f84286-0079-4232-b4b0-bf707cc667ab,1692489600000,1692575940000,600,5201,208,3640
f33ab9b5-e8c2-4923-8d9e-9476b6e80976,1692576000000,1692662340000,600,4344,173,3040
66572e59-7558-42de-ad08-ef20a1dc94f5,1692662400000,1692748740000,600,5094,203,3565
bdfed109-b52b-4500-8061-c19c86041ab1,1692748800000,1692835140000,600,4999,199,3499
ccb484cb-da62-4aa9-bdf7-ebbbd380b8bb,1692835200000,1692921540000,600,1792,71,1254
630f5e55-d07a-4652-8f2b-d2a14dbd4423,1692921600000,1693007940000,600,6183,247,4328
ada4d45f-0c03-491a-9c64-ba5646142734,1693008000000,1693094340000,600,1422,56,995
967a1dd6-ecc9-437d-aaba-a1872e91cc30,1693094400000,1693180740000,600,1156,46,809
30324106-186e-4102-8043-7241553f3043,1693180800000,1693267140000,600,5957,238,4169
9fe00fa2-abb5-4ec9-8da1-a159322e77ec,1693267200000,1693353540000,600,6097,243,4267
5aab582e-22be-4b7a-ade8-8b512e5f13a8,1693353600000,1693439940000,600,6703,268,4692
198aaef5-4f0e-4198-8cd1-18429a5df4a4,1693440000000,1693526340000,600,6535,261,4574
dbb39073-a23b-41f0-9156-c5089686aed7,1693526400000,1693612740000,600,14070,562,9849
bb304de6-56df-498e-bcdf-ddf8d4fdc455,1693612800000,1693699140000,600,5754,230,4027
5794abfe-91ee-4de0-b21c-cd844a83282d,1693699200000,1693785540000,600,1569,62,1098
5a8fc880-d495-445e-b882-8602063da2b1,1693785600000,1693871940000,600,4729,189,3310
64efa0e1-ed5f-4dfc-8d2d-d3b49be893c0,1693872000000,1693958340000,600,4320,172,3024
c6303836-d576-47a6-a3e4-e186dd25a194,1693958400000,1694044740000,600,1855,74,1298
65af9e35-3b2c-4f10-a057-32ce06570cf1,1694044800000,1694131140000,600,4851,194,3395
1b759574-be3c-4480-a248-445852da04a1,1694131200000,1694217540000,600,6213,248,4349
67635f2e-d72b-4982-b81a-ae68b39b9cda,1694217600000,1694303940000,600,1325,53,927
acfdd0d9-e772-4975-90c0-67dbcad44290,1694304000000,1694390340000,600,13395,535,9376
25ff51a3-0b8b-4259-b6ca-a99719f2bc3d,1694390400000,1694476740000,600,6855,274,4798
faf11fed-2924-412a-a0bb-9ac3a1255f5b,1694476800000,1694563140000,600,7366,294,5156
bc9533ff-b80b-4577-a623-cdd533c10a8f,1694563200000,1694649540000,600,7480,299,5236
a265cb71-12c2-4c90-8cd6-0cf641d71387,1694649600000,1694735940000,600,7550,302,5285
77f879f0-d94a-4ebb-bc4c-6986b10be11d,1694736000000,1694822340000,600,7141,285,4998
e91251ed-3448-4161-89ac-e2ac53526e5e,1694822400000,1694908740000,600,6408,256,4485
340f480f-c2b7-4a8f-8a0a-91faa408b978,1694908800000,1694995140000,600,1873,74,1311
960286fb-d634-42a5-9ff2-e740598bd3bc,1694995200000,1695081540000,600,7390,295,5173
ab0bd67a-ff5d-49b3-bb93-ad8275b5f919,1695081600000,1695167940000,600,7881,315,5516
5a1a4e8f-f44f-448f-b164-fc251ad4c5ae,1695168000000,1695254340000,600,6468,258,4527
af1d8eee-de4a-46a3-9989-5169a701c8e6,1695254400000,1695340740000,600,7096,283,4967
64268602-c0fb-4513-b024-db7c65ca7f79,1695340800000,1695427140000,600,1046,41,732
814c5dd8-34e8-41d9-8ba0-c8d415577bea,1695427200000,1695513540000,600,5989,239,4192
9f1b04fd-8deb-4506-bb1f-32eb37edddd2,1695513600000,1695599940000,600,4111,164,2877
de406a21-297a-4b33-b726-29ba932e242d,1695600000000,1695686340000,600,5291,211,3703
349716e1-d461-4890-8a38-867d0bafff8f,1695686400000,1695772740000,600,6566,262,4596
30029a48-8641-48ec-8203-d618dc5db34e,1695772800000,1695859140000,600,5021,200,3514
a9a36bd8-8594-4b17-a7de-cffc3129e86b,1695859200000,1695945540000,600,1829,73,1280
91725746-29ad-4955-b351-471031d9cb47,1695945600000,1696031940000,600,6623,264,4636
4b8ddb31-d51b-4e54-8336-3285d40e9d0c,1696032000000,1696118340000,600,7813,312,5469
ad46d94b-75f8-494e-ad86-e274e17edd66,1696118400000,1696204740000,600,1384,55,968
55b8c2de-de00-4715-9674-c33eb0cec2f9,1696204800000,1696291140000,600,4440,177,3108
2aea04e1-0fb1-449f-9483-d1b888a49d33,1696291200000,1696377540000,600,15157,606,10609
2aaea471-ce72-4246-9399-c1c162c9e8e6,1696377600000,1696463940000,600,1181,47,826
af1cf0d2-a6a7-4972-82e1-dcf6fbff07d1,1696464000000,1696550340000,600,6020,240,4214
8e6b3da6-d9d9-4c4e-95af-a10d292e5975,1696550400000,1696636740000,600,7181,287,5026
e9ff96eb-cefe-4d8f-8f39-462634540c90,1696636800000,1696723140000,600,1969,78,1378
9acc4b38-5b7a-409f-970e-f5411d81aab6,1696723200000,1696809540000,600,1980,79,1386
06e918ef-eeff-4865-b89e-0c36af642274,1696809600000,1696895940000,600,7444,297,5210
5d5b7395-bf3a-4389-a40a-dfd36ab76026,1696896000000,1696982340000,600,1099,43,769
cd3175d7-78a2-4f10-8e82-78eea10aa2c6,1696982400000,1697068740000,600,1298,51,908
635a10e6-0e19-4129-ac5b-efad556da1ea,1697068800000,1697155140000,600,6144,245,4300
1d14843f-4f73-4dfe-8e8d-fc080d101dc2,1697155200000,1697241540000,600,4324,172,3026
e718c396-9e66-4f0d-ae68-406ae3ac296a,1697241600000,1697327940000,600,7157,286,5009
77934cb2-a8e3-48d4-92e2-8242d4886a1c,1697328000000,1697414340000,600,4579,183,3205
5bd21ac3-ba63-49b6-97cf-0bce9dcc26d3,1697414400000,1697500740000,600,1027,41,718
697849b5-48e6-4c9b-a568-bad316649456,1697500800000,1697587140000,600,7741,309,5418
15b69e2a-c4e2-49f7-84a6-a4ccfc4e8947,1697587200000,1697673540000,600,6048,241,4233
2f2f1981-b5d5-48ac-9b3d-b7a1efc1ee2e,1697673600000,1697759940000,600,6115,244,4280
cd2f7751-79b7-4e79-be84-39f6e183f0dc,1697760000000,1697846340000,600,7103,284,4972
49ca96a7-a7f0-4240-ae86-c28aa474f284,1697846400000,1697932740000,600,6008,240,4205
5c7e259e-ac64-4de6-91b3-6d0477659d5f,1697932800000,1698019140000,600,16535,661,11574
ea7e6f50-7124-414d-b1e1-01a883053e07,1698019200000,1698105540000,600,13713,548,9599
5be4537c-b67a-4010-a6c8-dcdbf1f48de2,1698105600000,1698191940000,600,5809,232,4066
ee299838-8b87-4dd4-8226-933c9a86f3d6,1698192000000,1698278340000,600,6155,246,4308
d17c4eb4-a475-4be9-9283-722f4bd0e2f4,1698278400000,1698364740000,600,5899,235,4129
c6f7db41-7c7b-40dd-aa93-89caaa143d00,1698364800000,1698451140000,600,1267,50,886
d837fa82-ad18-4479-bfd7-8b3ea874210f,1698451200000,1698537540000,600,7293,291,5105
072fdf7d-62f9-43bc-8b16-480cfa6c55ac,1698537600000,1698623940000,600,1687,67,1180
890741ee-5df3-4c58-a71a-5cf6252f4c61,1698624000000,1698710340000,600,5632,225,3942
8da622e6-23ba-476e-b38c-f0cb77059407,1698710400000,1698796740000,600,7703,308,5392
2015d552-6896-40fe-81f4-4803d9a50ae1,1698796800000,1698883140000,600,5941,237,4158
0df328b4-ad11-412a-8db6-6c74658a3f12,1698883200000,1698969540000,600,5293,211,3705
940fa49d-a6b1-4fc4-a2f3-6cc8ca5cbe7d,1698969600000,1699055940000,600,4438,177,3106
4a5e407d-3ab5-4fa1-ae64-f81d83d7c129,1699056000000,1699142340000,600,1816,72,1271
71d4c941-f8f2-4700-8b39-06dd1d8fedd1,1699142400000,1699228740000,600,5294,211,3705
88e9e694-e899-4910-b3ee-4de5f6aac3bb,1699228800000,1699315140000,600,16907,676,11834
7f96825a-7029-44fa-847a-ca0f4a306f9f,1699315200000,1699401540000,600,6584,263,4608
8414ec30-883c-4ac1-a9f1-d3fcd67082f1,1699401600000,1699487940000,600,1970,78,1379
8caba61a-6819-4a38-82a7-267043eb9c55,1699488000000,1699574340000,600,5738,229,4016
4ecc2788-e3b7-423a-82f4-80e32668a0bf,1699574400000,1699660740000,600,15173,606,10621
cfa3cfd1-e59a-4981-8c3d-e3b5f004c23f,1699660800000,1699747140000,600,1838,73,1286
10f20822-e884-487f-a2db-5730acaba710,1699747200000,1699833540000,600,7981,319,5586
79f40e82-cc45-4e17-badc-6701b9d7df99,1699833600000,1699919940000,600,13564,542,9494
7052d37b-5754-4d7f-a728-e7de1fd31b09,1699920000000,1700006340000,600,6742,269,4719
a2c9c9d2-4b05-4fb5-89e1-33dd48d30177,1700006400000,1700092740000,600,4805,192,3363
3e2ea6ff-ad1c-4303-aef8-f4d684ec7119,1700092800000,1700179140000,600,7537,301,5275
19c2b358-a214-48d5-8a90-4dc234e868f1,1700179200000,1700265540000,600,1762,70,1233
57c3c204-3814-469c-8f47-3bf011544dce,1700265600000,1700351940000,600,1030,41,721
99d46ca6-0497-4cff-adcb-3ade751fb152,1700352000000,1700438340000,600,5249,209,3674
b8de336f-b05a-487a-aeee-0211221578fc,1700438400000,1700524740000,600,15325,613,10727
7d618cd3-484c-4854-8cf2-7eaf38346252,1700524800000,1700611140000,600,5123,204,3586
d8718209-28f3-4f81-8763-493a10939ce1,1700611200000,1700697540000,600,1139,45,797
c0c46a8a-57f9-4c06-996c-49e344ec118e,1700697600000,1700783940000,600,14886,595,10420
9dea7a54-74b1-43da-9716-5468f6b10f5e,1700784000000,1700870340000,600,4916,196,3441
64847a78-c55c-403b-b335-515e90bd760f,1700870400000,1700956740000,600,16271,650,11389
23539778-515b-44cf-9f8b-817a2413420e,1700956800000,1701043140000,600,5124,204,3586
c90a7fb0-cfff-4a7f-8b51-ae29c189ba63,1701043200000,1701129540000,600,1305,52,913
17285954-221d-426c-be77-b07031e5d28e,1701129600000,1701215940000,600,6047,241,4232
3c5aca8c-8d4f-4210-9089-9591d8d50842,1701216000000,1701302340000,600,13477,539,9433
07b38432-918c-4902-a40a-4dd775cb14b8,1701302400000,1701388740000,600,1529,61,1070
ce495cb0-6f21-413f-a792-edcc284abc40,1701388800000,1701475140000,600,15999,639,11199
0d0fb542-7662-4fb1-8c6d-47b090e10021,1701475200000,1701561540000,600,7399,295,5179
151dfb5c-60ec-46aa-b2c4-557d1987c12c,1701561600000,1701647940000,600,5280,211,3695
af183f1b-7dcf-4b96-ba26-d4ade7a7279a,1701648000000,1701734340000,600,6136,245,4295
7421c488-be7e-47c9-a8d0-c4280a020c8e,1701734400000,1701820740000,600,13849,553,9694
8eaa9338-fa5c-4f0c-9b93-b48b5df807e0,1701820800000,1701907140000,600,1934,77,1353
a7e48359-5f10-400b-976a-73771c398c01,1701907200000,1701993540000,600,15238,609,10666
459b5216-90e4-416e-8110-e16c60688df8,1701993600000,1702079940000,600,13878,555,9714
38b99096-0885-45d6-8d48-82432d8091a2,1702080000000,1702166340000,600,5931,237,4151
05c10b51-6d4d-45b5-9f92-b1e096757041,1702166400000,1702252740000,600,14665,586,10265
48011eb7-c6fa-4e1a-87bf-146dfa9a651f,1702252800000,1702339140000,600,5915,236,4140
5994aaa3-1942-4220-9a49-c45f43f06183,1702339200000,1702425540000,600,5077,203,3553
315b3181-4316-427f-838d-30cf8a69995d,1702425600000,1702511940000,600,5036,201,3525
464fed3a-aa5c-49c6-8c6b-d27aefdb5e17,1702512000000,1702598340000,600,7668,306,5367
e1f102f0-59ca-4ca0-9480-45e87d477791,1702598400000,1702684740000,600,6593,263,4615
f5bbb992-4ee3-4275-a3de-bcf703195fca,1702684800000,1702771140000,600,7155,286,5008
a6f7c3f6-c2dc-4344-8b6a-a5e36afd723f,1702771200000,1702857540000,600,15818,632,11072
de65b5f3-2377-4f12-a5cf-1dc7a79bdf59,1702857600000,1702943940000,600,7633,305,5343
4601b261-1147-4fd2-a78d-6a8b6338e8a0,1702944000000,1703030340000,600,7735,309,5414
b69d10ec-765d-4853-a95c-6b53de8e0577,1703030400000,1703116740000,600,6951,278,4865
c1f0243f-874d-4ae2-8d65-f56f71ee5a37,1703116800000,1703203140000,600,4489,179,3142
4afd9954-ecd1-48d1-a892-8d6c1e7255f3,1703203200000,1703289540000,600,14656,586,10259
f69da7f8-309a-4eb2-8581-6e929115d8f3,1703289600000,1703375940000,600,7254,290,5077
f0b052ea-a4ea-4b96-a0e2-dc168218cd28,1703376000000,1703462340000,600,6848,273,4793
6f8bce2a-e1d0-4660-8b0e-61e2d1f41cfb,1703462400000,1703548740000,600,5109,204,3576
79b3ec2f-55fc-490c-a391-1310a8ff53d3,1703548800000,1703635140000,600,1187,47,830
fa8731fc-3297-4cf7-901c-0f4b78b81b05,1703635200000,1703721540000,600,6229,249,4360
7b90a311-2b89-4e78-93ff-489d30a8a661,1703721600000,1703807940000,600,1842,73,1289
e656bcef-145f-401a-b9fc-288c4c212fa7,1703808000000,1703894340000,600,13742,549,9619
1c6f3050-9bc9-4b82-9cc6-b597b3027da2,1703894400000,1703980740000,600,4367,174,3056
9023483b-7ff2-4d9f-84f9-3d4e25e89ade,1703980800000,1704067140000,600,4455,178,3118
6d71f87b-ccf0-43b5-9304-f52fae284077,1704067200000,1704153540000,600,6235,249,4364
f355f59d-35b8-454d-bbb4-63f2b7a4dd0c,1704153600000,1704239940000,600,7981,319,5586
3341875d-283c-4d10-a3ce-2d5fe8dfcaa4,1704240000000,1704326340000,600,13177,527,9223
d644b89d-7928-4df0-b420-9b1994c44d82,1704326400000,1704412740000,600,15681,627,10976
4751e065-71bb-45bc-94d4-b3e44c309dbc,1704412800000,1704499140000,600,6167,246,4316
61222e4d-9c27-4b12-b6cd-14713ffeb33c,1704499200000,1704585540000,600,7486,299,5240
31fa5ed9-2487-4e5d-8299-c958b74e0ffd,1704585600000,1704671940000,600,7802,312,5461
2c27b8af-57de-485a-ac55-58407c9aed1d,1704672000000,1704758340000,600,7980,319,5586
c6eedb5a-e3e7-4218-bf64-3f37b6d5c725,1704758400000,1704844740000,600,6140,245,4298
25db9cb7-a19f-4879-94f4-f60c5c13fe1e,1704844800000,1704931140000,600,6774,270,4741
5817a202-b698-46ec-aedf-60cb6e462796,1704931200000,1705017540000,600,4869,194,3408
b6e9abbc-7b5f-4344-9866-c35824ddca39,1705017600000,1705103940000,600,14884,595,10418
e37226ec-ca8f-47d0-90dd-93be42f8c45a,1705104000000,1705190340000,600,14371,574,10059
6ff14c63-8883-4dec-8913-fcb59e0ee33a,1705190400000,1705276740000,600,4463,178,3124
0158a0ff-bf12-45f6-a9c4-c257e5327ba3,1705276800000,1705363140000,600,6224,248,4356
fbdc231e-72b6-423b-831e-fd0418e1cd75,1705363200000,1705449540000,600,5894,235,4125
3febfe5b-64e0-4a07-a621-e2745c87d7ae,1705449600000,1705535940000,600,13240,529,9268
a037802f-0fca-4582-a468-1c155ec1b15e,1705536000000,1705622340000,600,4410,176,3087
c8b92206-0807-4b0f-9e6c-f41be21fea84,1705622400000,1705708740000,600,5109,204,3576
06e9aa2f-cd6a-4165-8713-b18bbf46c0b4,1705708800000,1705795140000,600,5598,223,3918
b837d399-45f9-4dbe-a175-4d1fec92772b,1705795200000,1705881540000,600,1696,67,1187
0169ccef-9f50-4002-926d-61bef6fa2c17,1705881600000,1705967940000,600,6210,248,4347
1f58f6b0-9489-4ef3-b92c-e398d4c6b681,1705968000000,1706054340000,600,6347,253,4442
484e0b03-fcb3-487f-a6ca-2b945978026a,1706054400000,1706140740000,600,1543,61,1080
1471f1cb-361f-4e65-92cf-24a5c6d3bbf8,1706140800000,1706227140000,600,7975,319,5582
a580cd7b-9e5a-4662-b29d-48cfb9a5c457,1706227200000,1706313540000,600,15676,627,10973
4f27fed8-f176-46df-831d-daae96b6daa2,1706313600000,1706399940000,600,14189,567,9932
57b78310-c366-4539-be9f-462af60a9650,1706400000000,1706486340000,600,15476,619,10833
95fdec65-2d47-4c20-bc51-ee5a81aee4e8,1706486400000,1706572740000,600,5176,207,3623
184b443d-f719-4bcb-879d-03fc6253e8bb,1706572800000,1706659140000,600,15146,605,10602
d1fe4de7-78dc-48e2-9d4a-2ecb8377b9b8,1706659200000,1706745540000,600,6171,246,4319
eb310d09-5732-491a-97e4-b34290c75f3a,1706745600000,1706831940000,600,5366,214,3756
641524be-0fc3-4601-b4a1-057aa303e572,1706832000000,1706918340000,600,4953,198,3467
e56f6032-12af-4c72-9781-3efb88a39819,1706918400000,1707004740000,600,16910,676,11837
bb39ce1c-5881-4082-af67-10194a400274,1707004800000,1707091140000,600,4659,186,3261
a061d4c1-dad2-48d1-8294-51310b39b5ef,1707091200000,1707177540000,600,5351,214,3745
329da376-e4ee-4706-9b80-1784b03856a0,1707177600000,1707263940000,600,4607,184,3224
413641c5-4c19-4f05-9770-950b7e048166,1707264000000,1707350340000,600,1038,41,726
17bac1ba-0a0c-4688-b04c-402860d25f4a,1707350400000,1707436740000,600,4402,176,3081
4f20067d-d61d-4e95-b84c-7333a4821c81,1707436800000,1707523140000,600,15611,624,10927
af6dcd2d-79f9-430a-810a-687d7bef7b01,1707523200000,1707609540000,600,4717,188,3301
3da3a477-cea6-45de-a99f-763ce6977e35,1707609600000,1707695940000,600,6247,249,4372
eb43d938-bee0-4215-9d86-d071d64dfb61,1707696000000,1707782340000,600,13716,548,9601
65135b7f-ea79-4758-b713-7a2a4f730182,1707782400000,1707868740000,600,6756,270,4729
ed4b67ae-4e04-4478-ac47-131063bdff52,1707868800000,1707955140000,600,1935,77,1354
d1b1683e-5669-4997-84fd-1f21ed79be8e,1707955200000,1708041540000,600,7860,314,5502
5a628fe7-299e-4b12-9517-60db46bd8339,1708041600000,1708127940000,600,5897,235,4127
82ef4cdb-2376-468d-ac60-2515bb91717a,1708128000000,1708214340000,600,6253,250,4377
7db38475-6ee8-492a-8ba9-ee27c6bfad64,1708214400000,1708300740000,600,1616,64,1131
866c34c6-b95e-4e2f-8697-3563d1033309,1708300800000,1708387140000,600,5609,224,3926
751017db-da2d-49e9-8878-56004bab0421,1708387200000,1708473540000,600,1775,71,1242
0139bcdd-d82d-49cb-bd9a-6df4bd56428a,1708473600000,1708559940000,600,16883,675,11818
9441aa5b-ccfb-40c2-b9ab-7eb0f58abdad,1708560000000,1708646340000,600,5295,211,3706
4e3fa9a9-0d0b-4868-ac5a-7b139e46b0bf,1708646400000,1708732740000,600,7505,300,5253
e6cee3e1-eb17-48bb-b16f-b1662d789d29,1708732800000,1708819140000,600,7515,300,5260
bf9fa14e-911d-4472-b46b-12b025bcc0b4,1708819200000,1708905540000,600,16550,662,11585
55073eb6-653e-40a9-9d6f-b6c0d0b0341e,1708905600000,1708991940000,600,7073,282,4951
078c9c8e-b8a2-40e3-b658-1dd57937b99a,1708992000000,1709078340000,600,6694,267,4685
9fab77f5-48bd-48f8-8b16-867f8c6aa798,1709078400000,1709164740000,600,6706,268,4694
ea3319d7-61ba-412d-a041-f49197d399e5,1709164800000,1709251140000,600,7962,318,5573
d45f10e6-03e8-4b43-955a-6ff7f4c15bce,1709251200000,1709337540000,600,5897,235,4127
67cdfd90-ee6d-48dd-b71a-b435b4cb500d,1709337600000,1709423940000,600,7473,298,5231
6109beed-9270-44bb-91eb-445e7bc0eba2,1709424000000,1709510340000,600,6934,277,4853
5b969991-1b8b-4561-8744-84d2d2e51631,1709510400000,1709596740000,600,1271,50,889
e730b142-1680-4590-89e6-6c0098322cbd,1709596800000,1709683140000,600,4667,186,3266
3423e810-d96c-4a90-b0ee-b6bc962b634f,1709683200000,1709769540000,600,7003,280,4902
fdb2f307-b426-4fe2-9b4a-afb4148b9c19,1709769600000,1709855940000,600,7701,308,5390
8469efba-7fd8-4b01-b32c-4c4b12e956b9,1709856000000,1709942340000,600,7855,314,5498
4db68523-69ef-4695-9f2a-8e58711d23a2,1709942400000,1710028740000,600,4318,172,3022
e1948b00-b10c-4e85-b790-215e4c9f3d2d,1710028800000,1710115140000,600,5594,223,3915
59389244-9793-48f7-a077-08356fc7b639,1710115200000,1710201540000,600,7788,311,5451
179e13f2-fe0e-4794-abc0-b049418be408,1710201600000,1710287940000,600,13209,528,9246
62973a28-0167-44af-96ca-de656b0cfeea,1710288000000,1710374340000,600,5855,234,4098
b1820a42-7957-41d2-9375-fdddd7c66d90,1710374400000,1710460740000,600,6091,243,4263
d1f77ee8-f8d5-4785-829e-37dd6a92dd77,1710460800000,1710547140000,600,5709,228,3996
64f54768-fca1-4fe6-8335-80922e672065,1710547200000,1710633540000,600,7661,306,5362
13eabd0b-502e-43ea-a488-78ba44e67850,1710633600000,1710719940000,600,1383,55,968
165c4d60-4615-44b8-bb39-8d4df2d40799,1710720000000,1710806340000,600,1166,46,816
07c9b0c2-12ad-40d9-8c1c-a62d485db594,1710806400000,1710892740000,600,1372,54,960
1e0ead0e-0925-4c85-b09f-ad77d9905912,1710892800000,1710979140000,600,15507,620,10854
c0837fba-686c-4b40-b188-e3ad87e097b4,1710979200000,1711065540000,600,4271,170,2989
89482398-b0cf-42d2-9ef3-bab2318676bf,1711065600000,1711151940000,600,7214,288,5049
64d7355f-936f-486f-abbd-86bc4529f809,1711152000000,1711238340000,600,1021,40,714
2543f11e-8989-4eed-8381-1baff670aa2e,1711238400000,1711324740000,600,1387,55,970
0417e84d-71f1-4e0a-a312-87a6f4c608ec,1711324800000,1711411140000,600,7286,291,5100
c64c77b4-c0e6-4e17-887d-62c7cd0801ce,1711411200000,1711497540000,600,6384,255,4468
e26e7505-8185-4eb4-9e1b-df29b5dff0f9,1711497600000,1711583940000,600,6391,255,4473
c438fa42-1ca8-452c-b2f4-748015b8b051,1711584000000,1711670340000,600,5533,221,3873
82e06c5b-76e0-4418-af5b-3a093ceffc32,1711670400000,1711756740000,600,16702,668,11691
52fb2be6-8a85-45f0-8e47-202b33493dbb,1711756800000,1711843140000,600,7107,284,4974
18b3b6f9-7496-477d-a4b9-051192059a11,1711843200000,1711929540000,600,5652,226,3956
df697d89-bf3d-4163-9f0e-7d35ea3dcac7,1711929600000,1712015940000,600,6082,243,4257
cd2ab0d1-d2ec-4258-845f-54f498dd4314,1712016000000,1712102340000,600,4500,180,3150
0beb5abd-f5a8-4af9-b6d9-cf476ac19c4d,1712102400000,1712188740000,600,5654,226,3957
508c8b99-4b33-4938-81e3-c29e65c85911,1712188800000,1712275140000,600,5060,202,3542
bb1850b5-7972-4708-9300-3d44b83b6ab7,1712275200000,1712361540000,600,7943,317,5560
c1f6dde3-02c1-4f59-96de-50d7bc8d02aa,1712361600000,1712447940000,600,6998,279,4898
44a2c346-11c8-4e08-babd-3ade54a828ed,1712448000000,1712534340000,600,4223,168,2956
12402efe-2bd7-4a45-b98f-d5fefa5c0573,1712534400000,1712620740000,600,7065,282,4945
ef1c6f31-0b46-41ec-81ff-e1568fc28149,1712620800000,1712707140000,600,14555,582,10188
915b2b3e-9233-4dbc-8842-122702a544ee,1712707200000,1712793540000,600,5067,202,3546
cb9d0260-b57e-47ef-a9dd-c2fbc6e6732f,1712793600000,1712879940000,600,7590,303,5313
7a8628f2-fdd7-481e-9422-f8dea7c31d12,1712880000000,1712966340000,600,4581,183,3206
7f976d3f-47df-48ae-b70d-3f91df277b5e,1712966400000,1713052740000,600,4814,192,3369
91f541e6-6743-4f13-9f2c-d475ec6cf423,1713052800000,1713139140000,600,1423,56,996
e1e0c9ee-c989-4b43-bcd2-48cc2e2096e1,1713139200000,1713225540000,600,16676,667,11673
e7715a99-4946-48ce-9b38-364e46e9eaa7,1713225600000,1713311940000,600,7618,304,5332
1d4ccca6-09dd-48e5-a406-98e13b681d35,1713312000000,1713398340000,600,1382,55,967
706d0fed-f91c-499f-ae4e-e2d5917c8295,1713398400000,1713484740000,600,5376,215,3763
b4eadcd8-b14d-4f7d-8f28-8db4f86ff196,1713484800000,1713571140000,600,7377,295,5163
4dda79d3-2957-44ba-859a-e2d65cebb29c,1713571200000,1713657540000,600,16037,641,11225
e4051a48-4609-4c1d-9b4b-945f138dbe96,1713657600000,1713743940000,600,6452,258,4516
4cbc0c8f-6cb6-4537-9fdb-734d8a9f40c7,1713744000000,1713830340000,600,1362,54,953
d521ee7c-1625-432a-9266-2815392a8e87,1713830400000,1713916740000,600,4602,184,3221
327e4da5-a6c2-4ee7-8053-41696d92bb74,1713916800000,1714003140000,600,15205,608,10643
072ac4be-a6b2-4bc7-9cd5-0161b0434700,1714003200000,1714089540000,600,4028,161,2819
b0a9069f-1435-4e47-b77a-90a34adc041e,1714089600000,1714175940000,600,5234,209,3663
8533648e-2bcf-4a74-859e-886e66c39f2f,1714176000000,1714262340000,600,1270,50,889
71520cb1-1896-4bad-a878-b1e5717f2254,1714262400000,1714348740000,600,5296,211,3707
49b7f37b-3353-491a-b2e3-1c07a544ff7f,1714348800000,1714435140000,600,7027,281,4918
3a22dac6-207c-420f-ab99-97c1b3a5a92a,1714435200000,1714521540000,600,16488,659,11541
f41ef25b-abfd-42c2-adb8-a57712135830,1714521600000,1714607940000,600,1322,52,925
9b3d2236-da40-47c5-a747-52638258e427,1714608000000,1714694340000,600,1687,67,1180
ced4c53c-a066-4811-a924-3d8567b9ade4,1714694400000,1714780740000,600,1269,50,888
070e863e-303a-4005-ad5f-348074330cf2,1714780800000,1714867140000,600,1510,60,1057
8ca32a1a-ab85-4c1b-a889-a42a74129c66,1714867200000,1714953540000,600,7335,293,5134
f85a39f3-2421-4ded-82de-234ef02107a8,1714953600000,1715039940000,600,4191,167,2933
2ad6df52-50ec-4adf-a9df-ec6c8cf6bc66,1715040000000,1715126340000,600,1400,56,979
aa1220fd-010e-4cb4-b262-3276f6c672d1,1715126400000,1715212740000,600,5067,202,3546
87a668d3-3b2d-44bd-986f-6d7569491bf8,1715212800000,1715299140000,600,5550,222,3884
ef91d205-80b1-42e0-945e-c296755df50d,1715299200000,1715385540000,600,6724,268,4706
b3f0b92f-64d8-47df-9fac-978eb588fedd,1715385600000,1715471940000,600,5255,210,3678
0a3d6d8f-8910-4c84-a33a-c64cf45b5223,1715472000000,1715558340000,600,13586,543,9510
50c023de-97d4-4f5a-aa61-34b19d755f42,1715558400000,1715644740000,600,1842,73,1289
2e5bc25c-e241-4d07-966c-25bb046d424a,1715644800000,1715731140000,600,14168,566,9917
c1b127d5-2ae9-4599-b0d9-7ce00435acb0,1715731200000,1715817540000,600,6379,255,4465
7cd202a5-55d8-42af-acce-c666714b41fd,1715817600000,1715903940000,600,16476,659,11533
a35924f4-dcc0-4d85-a3f8-57056e8798fd,1715904000000,1715990340000,600,4614,184,3229
f346d076-e543-4888-90f9-f6b6af7ab199,1715990400000,1716076740000,600,4390,175,3073
e51a2143-c6ff-4a09-85a6-6826d3632628,1716076800000,1716163140000,600,1756,70,1229
4ce7db7c-260f-454e-8921-74af8e851435,1716163200000,1716249540000,600,16667,666,11666
555d07ae-808e-4126-bab7-5c8109f86042,1716249600000,1716335940000,600,6133,245,4293
80589486-0f8b-4060-bfda-d99428eb06ff,1716336000000,1716422340000,600,4560,182,3192
345162aa-330e-46d7-a198-cfb23a875028,1716422400000,1716508740000,600,1919,76,1343
e3e56b8b-90e4-4f87-95d3-b48d17f03839,1716508800000,1716595140000,600,6683,267,4678
a889f331-016e-4756-8a2c-65a1e798e321,1716595200000,1716681540000,600,5091,203,3563
58f80164-1745-4039-8a14-c435f6af0fe1,1716681600000,1716767940000,600,16959,678,11871
9f09449a-d379-471c-9d15-86349fa1afa3,1716768000000,1716854340000,600,7039,281,4927
326d601c-0e13-4839-af89-fc997bae2044,1716854400000,1716940740000,600,1871,74,1309
0d02b79e-8c7c-4a6a-8776-a24e0385e5e5,1716940800000,1717027140000,600,14303,572,10012
bdf7a919-2a4f-4172-b9f8-d83cf3444521,1717027200000,1717113540000,600,1570,62,1099
b67df910-047f-4535-b4e5-570773c90ac0,1717113600000,1717199940000,600,1167,46,816
f14a4da4-3947-4b36-9698-d03bd9d1ed17,1717200000000,1717286340000,600,6172,246,4320
14e8d7e1-1234-47fa-987a-5403a1e99404,1717286400000,1717372740000,600,4459,178,3121
453e3e41-11e2-4f56-8da2-769631f86bee,1717372800000,1717459140000,600,5669,226,3968
24e146f7-3e69-43c5-8e20-23bc35c928a3,1717459200000,1717545540000,600,13671,546,9569
58e84b7f-39ad-4e00-b938-3e4b40c9b694,1717545600000,1717631940000,600,5336,213,3735
070ca98f-7782-4430-9c19-9e7a35c741b7,1717632000000,1717718340000,600,4887,195,3420
8e559240-7632-4c6c-81ef-91f933781495,1717718400000,1717804740000,600,1259,50,881
f859dfb4-e133-46b6-864b-c815956c82f3,1717804800000,1717891140000,600,5843,233,4090
2e42ea39-90cf-48d0-a244-927d2dfa86b3,1717891200000,1717977540000,600,5893,235,4125
d2db39f0-5217-4f11-9612-733d03be884d,1717977600000,1718063940000,600,1148,45,803
9bfd17ce-7390-4e1c-9379-0ad243ae924e,1718064000000,1718150340000,600,4144,165,2900
bdfe3024-0f68-4baa-a210-2952a82e184c,1718150400000,1718236740000,600,7029,281,4920
95c81e54-c384-4241-9a89-37e82dda6aa7,1718236800000,1718323140000,600,6421,256,4494
7226bdae-1001-41f5-a4af-ddc7f127715c,1718323200000,1718409540000,600,1287,51,900
c43e5645-e9a8-4365-a1db-1b47798c0169,1718409600000,1718495940000,600,5339,213,3737
e5c59495-4b62-4ca1-8f95-2c7505f92fb1,1718496000000,1718582340000,600,5581,223,3906
59fbf94b-2287-4cad-8c12-7811a95c73da,1718582400000,1718668740000,600,7671,306,5369
21f0d050-c948-4638-8c08-100cc5f624b1,1718668800000,1718755140000,600,6153,246,4307
53488475-c941-4b2b-889b-0192ca9c3702,1718755200000,1718841540000,600,6337,253,4435
1bd5f280-cfeb-45bb-8c4e-2bc1995446df,1718841600000,1718927940000,600,6346,253,4442
b3594ea6-bc43-46b7-9fbe-e89a3d2b193b,1718928000000,1719014340000,600,6959,278,4871
80b9216a-ac4c-440c-91a1-8680afbc671b,1719014400000,1719100740000,600,14546,581,10182
971cc20b-33f5-4e84-9bfe-2c778a743ca7,1719100800000,1719187140000,600,5783,231,4048
db79ca3d-d8c9-4686-aaf5-bda69b572d54,1719187200000,1719273540000,600,6033,241,4223
b07c72e7-dc2d-4402-9fff-da28e5f6c066,1719273600000,1719359940000,600,5379,215,3765
a9284a61-c0f1-425c-b683-02c1e942176e,1719360000000,1719446340000,600,6184,247,4328
f7dd6bc0-6816-433a-ad1e-cd544727209d,1719446400000,1719532740000,600,6285,251,4399
32df376e-409b-420a-a9fd-1862ccd58f74,1719532800000,1719619140000,600,4738,189,3316
6084d2f7-7548-453c-a02f-cf31fef87e97,1719619200000,1719705540000,600,4848,193,3393
ca4665d3-cf1f-4d96-9700-b6fd7b37f2a5,1719705600000,1719791940000,600,4989,199,3492
8fd25fa8-6de7-4bc2-8444-1824505b731d,1719792000000,1719878340000,600,6494,259,4545
b4fc1f42-33d8-46d9-923a-fe42ab038de5,1719878400000,1719964740000,600,5289,211,3702
b58a3b1a-5319-449a-9648-36b7d08df79a,1719964800000,1720051140000,600,14669,586,10268
d4c44f8a-d3b5-4ac7-8f49-2c2ddd2c591f,1720051200000,1720137540000,600,5649,225,3954
d15bd83b-8582-4f60-bd17-cc337d4b0041,1720137600000,1720223940000,600,13165,526,9215
d5bb8c77-8105-4478-86a8-fb4125a16b3f,1720224000000,1720310340000,600,7373,294,5161
39280f93-7b2d-49d6-8c76-db866013ef35,1720310400000,1720396740000,600,1399,55,979
ad520494-72dd-45e9-b98c-0bebdfba5c23,1720396800000,1720483140000,600,6308,252,4415
4c6f1739-b593-40e5-9153-d1000b7e3b13,1720483200000,1720569540000,600,1091,43,763
5d9b24fb-0a53-4f26-87d3-18468ae5574b,1720569600000,1720655940000,600,4906,196,3434
78e6438b-35cc-4d30-8208-06ea6650cebc,1720656000000,1720742340000,600,5866,234,4106
adba29b4-3a8d-4d16-85dc-152641fe78a2,1720742400000,1720828740000,600,5463,218,3824
fd973ae9-2f3a-4c17-9ed7-e1e680896dd2,1720828800000,1720915140000,600,5759,230,4031
beff2068-f66a-4f66-abf5-7728d329cfbd,1720915200000,1721001540000,600,7429,297,5200
266ecbaf-1296-4b1f-924f-3558ac3d69a1,1721001600000,1721087940000,600,1323,52,926
95dac0c4-f778-43ee-a419-d5b7dbcf9090,1721088000000,1721174340000,600,1887,75,1320
1f603ebf-3af3-4276-84e2-e7216547f8f0,1721174400000,1721260740000,600,4504,180,3152
ab6985c6-5329-4190-a9e5-8e46f6b95263,1721260800000,1721347140000,600,1537,61,1075
978b0bee-6a59-46a9-a8d2-43ebd6e5dd64,1721347200000,1721433540000,600,16536,661,11575
1e13ba0e-3970-457c-82bd-71b057d0ce73,1721433600000,1721519940000,600,16898,675,11828
df673dd3-c69d-4ea1-94db-764eefce1ba7,1721520000000,1721606340000,600,1772,70,1240
afff1f39-21ac-4b2f-ab35-ca4c043eb8a9,1721606400000,1721692740000,600,4495,179,3146
d48bbef3-4e0d-4c46-abff-4cfd80498025,1721692800000,1721779140000,600,7548,301,5283
eaec4a24-0b31-4b8a-8718-54302f7893d1,1721779200000,1721865540000,600,4791,191,3353
8ec28452-7c23-4f63-92ba-d6adb86aa42a,1721865600000,1721951940000,600,6825,273,4777
f4f0b642-54ca-4316-9a81-548c0e31f194,1721952000000,1722038340000,600,4149,165,2904
c7eb4e18-8ad8-44e0-a2bb-543c0d83a06d,1722038400000,1722124740000,600,1378,55,964
0eb8e462-7246-40c6-80fa-486ec0c69c5f,1722124800000,1722211140000,600,13911,556,9737
92183a74-7da9-43d5-a6d8-98623062e119,1722211200000,1722297540000,600,4075,163,2852
7920a16f-b284-4b5f-8933-3da7186198ea,1722297600000,1722383940000,600,5700,228,3989
fbe34627-40bb-47f6-ad32-adc0f8a3e3ea,1722384000000,1722470340000,600,7147,285,5002
f0a2561e-b6fa-4479-aedd-eff417c1acde,1722470400000,1722556740000,600,4713,188,3299
3f546323-3e35-4c7d-ab9c-be70822a9fbc,1722556800000,1722643140000,600,6105,244,4273
8b4c5d9b-e775-475b-8fa2-8b09565ef483,1722643200000,1722729540000,600,7271,290,5089
79c8e0d2-82d7-48f7-a486-cc0e7b80d08b,1722729600000,1722815940000,600,1957,78,1369
f807686b-fd5f-431e-97c0-f5b5614cb291,1722816000000,1722902340000,600,7527,301,5268
cb7469f3-24fa-4381-92b8-47e2d65a85ce,1722902400000,1722988740000,600,6643,265,4650
062716a5-0b81-49d3-905b-e7802537a410,1722988800000,1723075140000,600,5113,204,3579
fd4cd4b2-2f74-4c8a-aaf7-31ff8bd7b76c,1723075200000,1723161540000,600,4533,181,3173
cae52f47-294b-4cbd-902a-5806d2fac381,1723161600000,1723247940000,600,7108,284,4975
9cb556a3-e838-4f65-94bc-edbbace412a6,1723248000000,1723334340000,600,1845,73,1291
c7c72a70-a8a3-4570-97f0-56e91f251f83,1723334400000,1723420740000,600,6553,262,4587
6db35243-5760-4216-9c74-babe2b2016dc,1723420800000,1723507140000,600,7299,291,5109
b3f3a0c3-4f70-4efb-bc79-20f4451cf127,1723507200000,1723593540000,600,1618,64,1132
3ff5d56e-c09a-40b2-b24b-b0cfae45a164,1723593600000,1723679940000,600,7546,301,5282
44d721b3-944b-4d18-a882-c6c429477282,1723680000000,1723766340000,600,14424,576,10096
e11879cd-43fa-44f5-a936-d1beb3c3f1e4,1723766400000,1723852740000,600,4548,181,3183
75568ce0-2ec2-4465-b2f3-5c24f96d7681,1723852800000,1723939140000,600,16084,643,11258
585a7e18-227e-4bef-b68a-033317127851,1723939200000,1724025540000,600,1686,67,1180
438ef7d0-f46a-47b1-9231-2c9c80b6a33c,1724025600000,1724111940000,600,6090,243,4263
1f163718-4a58-45ea-9836-a208120582bc,1724112000000,1724198340000,600,7711,308,5397
f197c383-851c-4886-8f20-c3e79db82abb,1724198400000,1724284740000,600,16685,667,11679
e5129621-aacc-4f9d-aa41-91687a0868e1,1724284800000,1724371140000,600,6841,273,4788
5a7859eb-2649-405d-96a5-11e9cc4b3d7d,1724371200000,1724457540000,600,14372,574,10060
81993351-75c3-4af2-b7d1-bd308afc1784,1724457600000,1724543940000,600,4541,181,3178
d75cd506-a683-4823-8594-4ff48ede5d03,1724544000000,1724630340000,600,5180,207,3625
99ed645f-04b8-42db-9db8-bb79bd73de8a,1724630400000,1724716740000,600,14409,576,10086
554f562e-744e-441b-a391-f8fd84753978,1724716800000,1724803140000,600,4747,189,3322
467e793f-91bf-49ed-9820-7a91b3e1630d,1724803200000,1724889540000,600,16784,671,11748
1a2f05f5-bc8e-4dbf-858e-2c921fc54e72,1724889600000,1724975940000,600,4442,177,3109
7ef09c83-586f-46c7-a801-ec3aa1a8516a,1724976000000,1725062340000,600,1908,76,1335
66efb185-5b32-4279-9313-5c2c36ab6095,1725062400000,1725148740000,600,1064,42,744
842e9f8a-e591-4cd9-9b95-87a62ba75b36,1725148800000,1725235140000,600,1321,52,924
ab719ae2-33a6-41d5-8b9f-acba2bdf6cb8,1725235200000,1725321540000,600,4301,172,3010
4fd14450-2536-4c17-a6d2-9e8b3dc1be1a,1725321600000,1725407940000,600,6552,262,4586
d1eaa672-3375-46e3-b8fe-0f4b80339a67,1725408000000,1725494340000,600,1019,40,713
5e60d0c9-3758-48e5-8642-36f87855ad11,1725494400000,1725580740000,600,4890,195,3423
2307e087-cf57-40db-bdb1-6aec35e8a0e9,1725580800000,1725667140000,600,1818,72,1272
4a54bf35-9b80-4ba4-8981-bea36b875c0c,1725667200000,1725753540000,600,7644,305,5350
aa339892-5eed-4862-bbc7-1c4a79a63b7c,1725753600000,1725839940000,600,5302,212,3711
3e87bb1d-b33b-40fa-8969-09020a722c67,1725840000000,1725926340000,600,6375,255,4462
972310f4-d88b-485f-96f0-dc8008efabe1,1725926400000,1726012740000,600,5151,206,3605
fbd12287-74d7-403a-8254-f49e3826cdb1,1726012800000,1726099140000,600,4517,180,3161
62e31419-1773-4016-bf76-d06448c0175d,1726099200000,1726185540000,600,1249,49,874
4901b210-c775-430b-ad06-e37780266210,1726185600000,1726271940000,600,1032,41,722
382e62a6-d50b-4a61-908d-765c6d78d5f4,1726272000000,1726358340000,600,15846,633,11092
8ae37626-873c-4644-8d0d-5deb5216ddde,1726358400000,1726444740000,600,7241,289,5068
96f80835-ba34-49d2-901a-43a26c690c7d,1726444800000,1726531140000,600,4194,167,2935
579bd0bb-8660-4c74-9118-deaff74f0eb0,1726531200000,1726617540000,600,1740,69,1218
aab55c71-d5d0-4bb9-a166-f18e65dd47d3,1726617600000,1726703940000,600,1668,66,1167
f80c101a-6a02-4ce8-8de4-42d33e77b339,1726704000000,1726790340000,600,1786,71,1250
329874d0-a15e-4ca5-8f00-3c11d5ebab3d,1726790400000,1726876740000,600,4051,162,2835
3e743e71-3285-4fdd-bbb2-33b66dbbdee3,1726876800000,1726963140000,600,7427,297,5198
4b23b87b-f2e1-41cb-9665-9717c5d8ce2e,1726963200000,1727049540000,600,5074,202,3551
f09feeb9-1faf-4950-a6a8-797874fb08e9,1727049600000,1727135940000,600,1655,66,1158
cf29d7f8-0562-4eed-a553-58f416acbcb7,1727136000000,1727222340000,600,1102,44,771
98183cff-4b1d-4a70-b042-45bae2d5f89a,1727222400000,1727308740000,600,4852,194,3396
2618ebc4-0fd4-41a4-bff5-b6d5a4d66286,1727308800000,1727395140000,600,13459,538,9421
8337b904-9851-4bb0-9219-0ac609c15100,1727395200000,1727481540000,600,4470,178,3129
1f030c26-257d-419e-b026-a95b0b9be90a,1727481600000,1727567940000,600,7007,280,4904
28c172c5-0b60-4c95-80fa-c81dd5cdbbdb,1727568000000,1727654340000,600,6986,279,4890
16c19662-937d-4d30-ac46-a8ff74cf65ea,1727654400000,1727740740000,600,6195,247,4336
d39bfd90-0d86-4558-b9e3-0fbc5f095c03,1727740800000,1727827140000,600,6179,247,4325
ab9809ac-440c-4bf5-b6fe-6c8e487ff51a,1727827200000,1727913540000,600,7149,285,5004
5a69f8ce-33b2-4e18-aeaf-6d4bc6f8c56d,1727913600000,1727999940000,600,7756,310,5429
9b855d57-c9de-4c02-8732-23da31cfb8d3,1728000000000,1728086340000,600,1530,61,1071
025dfa38-4d66-43e9-9af2-a47f0e1840c0,1728086400000,1728172740000,600,1833,73,1283
23669f09-480b-4eb5-b0e1-a2c0f2bd813a,1728172800000,1728259140000,600,6520,260,4564
1aa59169-4260-4008-9e7a-1f48450fa30e,1728259200000,1728345540000,600,5267,210,3686
c93a1b84-e50b-46c7-af25-302db390f0b8,1728345600000,1728431940000,600,6116,244,4281
0efe57eb-8fb5-4061-af06-d8a006de4eb1,1728432000000,1728518340000,600,1674,66,1171
6ada11f4-f8e7-4717-b449-39450c4b6c89,1728518400000,1728604740000,600,4353,174,3047
933ba8d5-5272-4a6e-81e7-42eede01dc6f,1728604800000,1728691140000,600,4995,199,3496
36c29ebd-1fb5-4866-ab84-d1675138e184,1728691200000,1728777540000,600,6893,275,4825
13cae98e-32b8-4bff-9112-e9e3707d5e3d,1728777600000,1728863940000,600,4702,188,3291
36c74348-c0c8-4240-8933-ebe8646553bb,1728864000000,1728950340000,600,15395,615,10776
43df2013-4b8a-4175-adf7-9fb3a5c15f3c,1728950400000,1729036740000,600,1005,40,703
5ec4e5d9-f070-46ea-af53-d67a48b092f7,1729036800000,1729123140000,600,15512,620,10858
2afa26f9-8a7f-41c3-af50-7c866d2a26e4,1729123200000,1729209540000,600,5615,224,3930
ab0e2e01-88d9-49d5-a97b-6613560f49f6,1729209600000,1729295940000,600,7337,293,5135
6c84a4e6-1994-4407-9b60-576f91175485,1729296000000,1729382340000,600,7817,312,5471
e9628c28-bd40-4822-b0dd-4c3fe6abd0bd,1729382400000,1729468740000,600,1903,76,1332
fa8cad85-9941-4d10-873d-1f1749fa44bf,1729468800000,1729555140000,600,7498,299,5248
c7102f93-22d1-47dc-b4d2-0e3e28b710de,1729555200000,1729641540000,600,1101,44,770
cf3fa721-ab54-446a-abb0-5861a8f35bd1,1729641600000,1729727940000,600,7971,318,5579
6745a257-6b54-494c-b570-3c5f9d8c277f,1729728000000,1729814340000,600,5370,214,3758
c43320d6-083f-4681-8f70-2375b8b957c5,1729814400000,1729900740000,600,7927,317,5548
02ea4cda-648a-42d3-b980-f551e9bc4dcb,1729900800000,1729987140000,600,1064,42,744
5cbde117-3903-4f93-87eb-e3a0f798a6e4,1729987200000,1730073540000,600,1268,50,887
05ac953e-babf-472b-b052-cff2271630c7,1730073600000,1730159940000,600,6713,268,4699
cd750213-911d-4454-8039-51fe071fe47c,1730160000000,1730246340000,600,7184,287,5028
2451beba-0f13-4432-bfc7-8b5d87dfa62a,1730246400000,1730332740000,600,5988,239,4191
feee2aae-9c1e-4707-8136-065b3c96a74f,1730332800000,1730419140000,600,4999,199,3499
66fafde0-55e7-46af-9312-3748951def00,1730419200000,1730505540000,600,5299,211,3709
ca884c38-1eba-4a6b-aa8a-cee3a5fce371,1730505600000,1730591940000,600,1331,53,931
92979193-045a-49b7-828f-9a13eb821b83,1730592000000,1730678340000,600,7342,293,5139
c19f9298-7cea-43b8-a8dd-839988d9a117,1730678400000,1730764740000,600,1664,66,1164
e5067393-79b1-4f72-852e-c574be2c9299,1730764800000,1730851140000,600,1943,77,1360
7f08e3e3-68ca-4b2f-8409-ac1985a003b9,1730851200000,1730937540000,600,1870,74,1309
9dfa8668-c4e3-4f84-ac16-39701eade829,1730937600000,1731023940000,600,7096,283,4967
0a0357c5-1e0d-46bb-8140-09c1ce1c8742,1731024000000,1731110340000,600,5496,219,3847
7123883f-e5fa-421e-bcb6-e44649f86741,1731110400000,1731196740000,600,4166,166,2916
412f8027-1562-40f9-b397-7973620e7eda,1731196800000,1731283140000,600,1675,67,1172
564ce642-e2ca-4f2a-a3db-9c8b740a03af,1731283200000,1731369540000,600,6419,256,4493
1eb89379-fe10-4ae1-8184-9450cfc67acf,1731369600000,1731455940000,600,4530,181,3171
eb2776e2-421d-41ea-b2ca-1f50886f687a,1731456000000,1731542340000,600,13428,537,9399
ca080afa-ae29-4641-a82b-d50e9d0e2ebd,1731542400000,1731628740000,600,7391,295,5173
eb430773-c13e-47a5-a821-67fa65289462,1731628800000,1731715140000,600,6503,260,4552
e27493bd-5250-4135-8470-bcb2257b87b0,1731715200000,1731801540000,600,14477,579,10133
20b50842-03c3-4c5e-9e7c-8cec04f97678,1731801600000,1731887940000,600,1295,51,906
ab09c3bf-bdbd-420f-9dce-e14585e92efd,1731888000000,1731974340000,600,6680,267,4676
dd21bf0c-1db7-423d-848c-5d6ee7fd763d,1731974400000,1732060740000,600,6466,258,4526
f8dac3cf-8a4d-48f3-ac3e-dc339dbc3447,1732060800000,1732147140000,600,15409,616,10786
48c2b51b-64e1-4cd3-bad6-dcbae35c67e7,1732147200000,1732233540000,600,4237,169,2965
30b9edcb-4dfe-4ae8-a122-7f53e59e5f75,1732233600000,1732319940000,600,4967,198,3476
735bb5c1-bfad-4eb0-9b68-9ac3967df3b7,1732320000000,1732406340000,600,6798,271,4758
c5642514-2963-4e08-ad21-6ffb2e30a760,1732406400000,1732492740000,600,7233,289,5063
a083327e-1d1b-4975-a5b1-a3ddbae53e20,1732492800000,1732579140000,600,6154,246,4307
f28f07fa-1f76-4af2-8b9b-ec3304fbbd5f,1732579200000,1732665540000,600,14324,572,10026
97fc45b8-7121-4ffb-ad8a-c4324ec75d2b,1732665600000,1732751940000,600,6576,263,4603
01b7dd97-d757-4e27-be9b-3c484b00834e,1732752000000,1732838340000,600,6854,274,4797
c02efeed-ff41-4a19-ae05-4c00ba5f68b7,1732838400000,1732924740000,600,5341,213,3738
aa1def08-751f-4843-9446-26aa18a9b81e,1732924800000,1733011140000,600,7032,281,4922
3343e2f1-bfa9-424c-a0a0-8fa63bdd6ce8,1733011200000,1733097540000,600,5002,200,3501
5e25c66d-b4cc-4130-9cd2-6bfeeea76987,1733097600000,1733183940000,600,6852,274,4796
9f87355f-bf96-4d8b-96bf-ec3775240075,1733184000000,1733270340000,600,7933,317,5553
436c08f2-2626-4214-aa0c-e8c9f4f3fb69,1733270400000,1733356740000,600,5564,222,3894
e74c75b5-d8fc-4b67-9146-0674c6d0e73d,1733356800000,1733443140000,600,7532,301,5272
16ae0af6-17ad-4659-933f-5f4fc77ec70b,1733443200000,1733529540000,600,7980,319,5586
5e496025-69ae-48e0-b83d-bedd1de551ba,1733529600000,1733615940000,600,6005,240,4203
0ecdeb33-a500-4c19-9cf0-927eeea642ef,1733616000000,1733702340000,600,14103,564,9872
07099827-fb29-477b-ac57-2d4e02aa5ab6,1733702400000,1733788740000,600,5336,213,3735
7004d005-a910-4f66-b3e8-630b6d9ea65c,1733788800000,1733875140000,600,5816,232,4071
21b8fa68-313a-4294-86ca-cb175057ac35,1733875200000,1733961540000,600,1888,75,1321
937e987a-73b5-4e02-99f3-5eb77e5b90ff,1733961600000,1734047940000,600,6791,271,4753
b655351a-cd1c-4794-b6f2-68c9e4b15983,1734048000000,1734134340000,600,4379,175,3065
103a2939-5eb8-4a5d-9ae1-8fba6f1a574f,1734134400000,1734220740000,600,4755,190,3328
b795ea89-4f4f-4b53-b114-2b660544cd56,1734220800000,1734307140000,600,5098,203,3568
7656b389-c180-4128-b1ed-39d3a02d3850,1734307200000,1734393540000,600,6017,240,4211
95a313bb-6340-4272-b668-e24bed34e038,1734393600000,1734479940000,600,7855,314,5498
e2812bcc-913e-4f56-a46c-76fa6403d274,1734480000000,1734566340000,600,4751,190,3325
a3ab3399-a376-47c5-8010-e01ce8b6bb58,1734566400000,1734652740000,600,1768,70,1237
406fd9e0-36a9-446a-be9a-ab2da5e2aa8e,1734652800000,1734739140000,600,1343,53,940
39970b9a-6c75-4fa2-967d-e4fe6cd3ee44,1734739200000,1734825540000,600,6425,257,4497
fdeb7440-d451-4a22-a3f5-6ed644a828db,1734825600000,1734911940000,600,1550,62,1085
00c59bbf-8eae-4228-b1cd-f18842108350,1734912000000,1734998340000,600,5595,223,3916
0e8577a9-3cb7-401c-88a0-77ce9a229e2c,1734998400000,1735084740000,600,4649,185,3254
98c85054-58a3-4c60-a561-5a938159769b,1735084800000,1735171140000,600,4257,170,2979
aedd9209-59fd-4901-9a6a-cd4ef04cc4b0,1735171200000,1735257540000,600,1151,46,805
22f0071c-c811-4be6-9700-d2c43feddb84,1735257600000,1735343940000,600,5445,217,3811
af3b356e-06ed-4739-b600-e117ca9aae90,1735344000000,1735430340000,600,5039,201,3527
5f09d349-a8e4-4f01-a667-d2b3d8b88b69,1735430400000,1735516740000,600,7742,309,5419
37ee7f96-b34b-412e-9aa6-08f7e2d5b1fa,1735516800000,1735603140000,600,7942,317,5559
01b93a59-df19-46b2-8196-c1e2ca5d55cb,1735603200000,1735689540000,600,4719,188,3303
fa4fd7d8-3ac9-49d9-b5f7-fc454c8608d5,1735689600000,1735775940000,600,5727,229,4008
6b1e4337-0888-407d-96f8-1d6af10fbbb7,1735776000000,1735862340000,600,1918,76,1342
77835251-f707-4886-a43a-e491114ade6c,1735862400000,1735948740000,600,7189,287,5032
a5314c6c-80ec-4fea-8008-173db5456139,1735948800000,1736035140000,600,6511,260,4557
05948e44-2b02-42b4-ac0d-1e73364281d7,1736035200000,1736121540000,600,6092,243,4264
f5293fa3-118e-44ad-a347-ee198bcc803b,1736121600000,1736207940000,600,5404,216,3782
1029bc11-0e7c-4937-8528-07978f44102f,1736208000000,1736294340000,600,13704,548,9592
d603c509-ef5b-4982-bc5f-b250b2a32887,1736294400000,1736380740000,600,4448,177,3113
8172face-7010-4376-a3ae-8299acd27919,1736380800000,1736467140000,600,7791,311,5453
376c9bd2-efa8-48ba-8124-af6b101ce945,1736467200000,1736553540000,600,4235,169,2964
21eb4124-c34b-4c49-aba5-53d96fa285da,1736553600000,1736639940000,600,5541,221,3878
52c6d106-9700-446b-a504-6068bb0e1b02,1736640000000,1736726340000,600,7693,307,5385
10ec30d2-c0a7-4831-8655-63ccaac1a69e,1736726400000,1736812740000,600,6469,258,4528
d16973e6-5ddb-4357-b3fb-c3a2c85f9627,1736812800000,1736899140000,600,6919,276,4843
651f48ef-4997-4dec-af43-7c5abc731c8e,1736899200000,1736985540000,600,1043,41,730
3a55ece4-1b36-470d-ab91-464908098ff7,1736985600000,1737071940000,600,5969,238,4178
6aa9bf6b-46f3-46a4-a46a-3a1aa2a04640,1737072000000,1737158340000,600,1907,76,1334
4215d11e-467a-478e-875c-a500c5b74a01,1737158400000,1737244740000,600,5865,234,4105
57489ff6-ae3c-4ea6-b20d-e07b8001d57b,1737244800000,1737331140000,600,4337,173,3035
71209e66-09b7-4eb3-8a31-4a974b6a2fdf,1737331200000,1737417540000,600,5854,234,4097
2ec0830e-84ed-4651-9bd1-a9ddfdde0428,1737417600000,1737503940000,600,1895,75,1326
78b2579e-c3f5-4126-bc8a-0f8fddd4a117,1737504000000,1737590340000,600,4583,183,3208
280a81f0-2f95-455b-9ed4-7ed84912136c,1737590400000,1737676740000,600,1351,54,945
3b0c8c09-bd4a-49d5-87db-54e097c365d8,1737676800000,1737763140000,600,14825,593,10377
fe4a0578-4909-4acf-bb64-eb4c3a3d6a42,1737763200000,1737849540000,600,6784,271,4748
139635d3-aca8-4971-9b9c-de18ca4677bc,1737849600000,1737935940000,600,14813,592,10369
44498d19-0e6e-4857-8b9e-9aa5a68f65e3,1737936000000,1738022340000,600,15569,622,10898
263921c8-1af7-4d8a-814f-2911c64a9165,1738022400000,1738108740000,600,4266,170,2986
b126ff74-9bb0-4992-9fcf-ce08252cd271,1738108800000,1738195140000,600,1073,42,751
65ca1f19-4818-4544-977f-3fe1e077f5dd,1738195200000,1738281540000,600,5401,216,3780
b51cf974-d679-4289-899b-4f04e23481f3,1738281600000,1738367940000,600,7532,301,5272
a26fcc86-7d83-43ad-9fd8-acdc77174715,1738368000000,1738454340000,600,6122,244,4285
df1fd53b-68e8-4bc4-b25f-11bc1cf49054,1738454400000,1738540740000,600,7440,297,5208
cdd2fa2b-5400-4b53-98cd-80038e30e6f9,1738540800000,1738627140000,600,14353,574,10047
581dd564-de79-4ec7-bda3-e5f9b2254124,1738627200000,1738713540000,600,4802,192,3361
2cd310c8-4332-4349-9382-a19d71ff5088,1738713600000,1738799940000,600,14902,596,10431
2073deb4-c282-4fbe-b113-43f91cb1eb10,1738800000000,1738886340000,600,1187,47,830
82a9d817-66fb-4ca8-af4a-a3e8e138c337,1738886400000,1738972740000,600,6302,252,4411
fc4887c3-1e66-4bfb-baa9-631a6a3ba2dd,1738972800000,1739059140000,600,1954,78,1367
9810eb49-9cdf-43a6-8cdf-b3c03ef1fe4d,1739059200000,1739145540000,600,4790,191,3353
2a2b4923-8a1f-4737-a817-ec20fa27aa81,1739145600000,1739231940000,600,5273,210,3691
1e7bedf1-e1f9-4a21-b50d-54cfb4220ac4,1739232000000,1739318340000,600,4409,176,3086
8a2ab789-ac9e-457d-836d-835d4ec890e7,1739318400000,1739404740000,600,4082,163,2857
768aefbd-aca1-43af-ae0b-06c69a786ba0,1739404800000,1739491140000,600,6322,252,4425
a828a88c-1ba0-478d-8568-889d53fbe9fd,1739491200000,1739577540000,600,5250,210,3674
70298426-3439-4754-89d5-653d28d46271,1739577600000,1739663940000,600,4372,174,3060
6177069a-ac3c-4bdb-a232-6dea1b252320,1739664000000,1739750340000,600,7712,308,5398
165d9106-beb3-4c03-b18d-d01fef5727af,1739750400000,1739836740000,600,15308,612,10715
947c1ee6-8dd6-4589-b0a4-a86fd3e592b7,1739836800000,1739923140000,600,5259,210,3681
b176e8c5-6b86-4687-9f0c-2f38d01e4b7c,1739923200000,1740009540000,600,6483,259,4538
8d941847-a76a-42de-890d-9e769894d193,1740009600000,1740095940000,600,1449,57,1014
91b3bdc2-0e6a-454b-86e6-254d7fd1f46e,1740096000000,1740182340000,600,13289,531,9302
de18735b-22f8-4634-916a-7b8d50954893,1740182400000,1740268740000,600,6177,247,4323
86cdfa00-bf71-4918-b0be-0028c52b1276,1740268800000,1740355140000,600,13820,552,9674
44fb74cc-fdfb-4470-b33b-c8a7060acb95,1740355200000,1740441540000,600,6553,262,4587
facbb48a-e589-4104-9a3b-4cad71811fc3,1740441600000,1740527940000,600,4792,191,3354
d616151e-47c4-43fd-8de5-d16a21657c36,1740528000000,1740614340000,600,1383,55,968
76d0e97e-7688-4a76-bb9c-3d03dbcdafef,1740614400000,1740700740000,600,5819,232,4073
4289f976-1760-4479-abd3-6b31896021f5,1740700800000,1740787140000,600,1432,57,1002
feb8a6ae-3bdc-4630-8e54-66b768de4418,1740787200000,1740873540000,600,4425,177,3097
75e19c40-f55a-4178-a67e-d6914a93d044,1740873600000,1740959940000,600,4963,198,3474
b7297789-5317-44e4-96cd-564df1578eef,1740960000000,1741046340000,600,5991,239,4193
50cb07a2-1157-4008-949c-ef25af863d2f,1741046400000,1741132740000,600,4054,162,2837
549bc062-98f2-4880-a1dd-7c71392dfa86,1741132800000,1741219140000,600,6164,246,4314
97cd34f2-0bca-40f3-9c44-2a8ba16fe4b0,1741219200000,1741305540000,600,1356,54,949
9a2edef5-3b73-40c6-b350-769275732654,1741305600000,1741391940000,600,16159,646,11311
b196a7a5-5a52-4fe4-8306-497b5ae22bca,1741392000000,1741478340000,600,6109,244,4276
286d43b5-f6e9-49dd-a0b9-d6054739e276,1741478400000,1741564740000,600,4086,163,2860
e99043c9-ca3d-498c-b22d-95516f2ab334,1741564800000,1741651140000,600,7675,307,5372
86fbf028-4e6d-4912-a32f-40702bdde391,1741651200000,1741737540000,600,14424,576,10096
c4125c7d-5c3b-4fb6-bae7-808f68bbcbcd,1741737600000,1741823940000,600,6904,276,4832
94b1c966-f907-4707-af1f-bff849402b69,1741824000000,1741910340000,600,7313,292,5119
824a7df8-42d0-432e-a970-e1e694634f55,1741910400000,1741996740000,600,15790,631,11053
d7332131-eece-4cf0-b510-257450dc9486,1741996800000,1742083140000,600,5341,213,3738
d7aca084-da8b-462b-ade9-e6647c970e1e,1742083200000,1742169540000,600,6881,275,4816
a65e364f-fecb-404c-aad7-6bec679d7f41,1742169600000,1742255940000,600,7100,284,4970
ac65b445-e4b4-4b13-bdbe-8b1b57d7b0b0,1742256000000,1742342340000,600,1079,43,755
6d95b31d-7ed7-4b22-ab79-91c4641018ef,1742342400000,1742428740000,600,5776,231,4043
83c534e7-9f47-4494-b89c-81a93e1b691f,1742428800000,1742515140000,600,5212,208,3648
a2adc6de-eeae-4980-8fab-b9f2abc50221,1742515200000,1742601540000,600,5759,230,4031
445ea459-83a1-4b9a-808d-b139441f0de4,1742601600000,1742687940000,600,4860,194,3402
5ab1fff2-0184-4172-b8f9-caa2c28a2e9e,1742688000000,1742774340000,600,6443,257,4510
7d5d7f0c-b4d1-46b3-9f29-62ad8cbf50cd,1742774400000,1742860740000,600,5696,227,3987
98bad27a-2a12-41c0-9500-2dbd964829d2,1742860800000,1742947140000,600,13472,538,9430
6d99fb37-9533-4746-a6da-ff0c094aa800,1742947200000,1743033540000,600,4822,192,3375
52d8b0c8-eded-4311-bc82-62c6666ac86a,1743033600000,1743119940000,600,4754,190,3327
a87b11c3-08a2-4fe4-90fb-e26720cc10de,1743120000000,1743206340000,600,7237,289,5065
369f1177-e332-4694-bf60-f2ce0e4ac566,1743206400000,1743292740000,600,1042,41,729
26b249e3-b517-4949-b074-207ae5789b96,1743292800000,1743379140000,600,4026,161,2818
ff7d03b5-48b4-4677-87cc-25200c6f8bbf,1743379200000,1743465540000,600,7985,319,5589
0322fb6c-2a80-40c5-9080-a1e3d3438d0f,1743465600000,1743551940000,600,5299,211,3709
f1bf3b43-babe-4435-8a94-92fddef76c21,1743552000000,1743638340000,600,14029,561,9820
72c3ec69-c532-4c89-8c13-f9c5e4132c35,1743638400000,1743724740000,600,5257,210,3679
048ce886-0e26-43fb-8c79-c53446a0a41a,1743724800000,1743811140000,600,4117,164,2881
d3a40f47-d6be-4306-beb5-aabf86d010cf,1743811200000,1743897540000,600,7507,300,5254
33fba23b-8c78-464d-b5b5-aa198705e6bd,1743897600000,1743983940000,600,6405,256,4483
b2819954-612c-460e-bf99-23118c2b60a9,1743984000000,1744070340000,600,7523,300,5266
84355b27-cabd-402b-94be-145139d9deb7,1744070400000,1744156740000,600,5931,237,4151
9116f0e4-77f7-4cb4-a50f-a0a2a9eaf4b6,1744156800000,1744243140000,600,6467,258,4526
d071d702-2a9c-451b-895d-4d89aeb797ce,1744243200000,1744329540000,600,1259,50,881
f8b31c86-0ba9-425c-a007-f6d3803a4b3b,1744329600000,1744415940000,600,14380,575,10066
5825826a-eb26-43fd-9858-f071b78391c2,1744416000000,1744502340000,600,4634,185,3243
8c8e1117-4d1f-40b6-9b0f-1d2a46568e7a,1744502400000,1744588740000,600,5775,231,4042
1d31590c-06b3-48b1-9b31-5cfda4d7713a,1744588800000,1744675140000,600,6352,254,4446
ec95245e-f96f-42d7-8b82-923a7f816f39,1744675200000,1744761540000,600,6926,277,4848
e73d43c9-59e0-4e0b-91a7-ef99f15080a9,1744761600000,1744847940000,600,14174,566,9921
2b5fc093-7e7e-4031-a07e-428e1cf97aa1,1744848000000,1744934340000,600,1137,45,795
ddcdc31c-1ce7-4a68-a60b-83d2f50a3efd,1744934400000,1745020740000,600,6959,278,4871
34499f7a-fdc4-41de-be72-96c8e317459a,1745020800000,1745107140000,600,5565,222,3895
1c014563-9abb-4272-9583-2b05f46c8593,1745107200000,1745193540000,600,1562,62,1093
e724353e-f87a-4156-9846-de06d184376f,1745193600000,1745279940000,600,7344,293,5140
d9bce4ae-6e5c-4476-be20-a237431eb773,1745280000000,1745366340000,600,1301,52,910
e9aff7bd-ff30-4d6f-a48a-636644633486,1745366400000,1745452740000,600,6547,261,4582
9f2d8b5c-f15c-445e-85df-6e8939aec46f,1745452800000,1745539140000,600,13782,551,9647
247b40f9-15d8-4c7b-9b08-876ab599247b,1745539200000,1745625540000,600,1561,62,1092
43bf9945-ddc9-4103-b410-69476f11b5bc,1745625600000,1745711940000,600,1432,57,1002
ee410c2a-860e-4e06-b2eb-cbce5fa1ae61,1745712000000,1745798340000,600,4804,192,3362
f1a3bb85-d27a-4f2f-84d5-6257d427cf77,1745798400000,1745884740000,600,6312,252,4418
b8ac282c-e701-44db-9cad-067a3ac94575,1745884800000,1745971140000,600,1156,46,809
03c0ce6c-90b1-46b8-811d-76d25b6a7f70,1745971200000,1746057540000,600,5188,207,3631
88aac007-eac4-4bfb-8b0a-902ec2b01951,1746057600000,1746143940000,600,7773,310,5441
ae3254e6-137a-4172-8207-552b864682b0,1746144000000,1746230340000,600,15525,621,10867
305140c7-a4fb-47d3-9620-48f08a53fc57,1746230400000,1746316740000,600,4394,175,3075
b1ed75a2-76ff-4855-b392-8b5747b4a37b,1746316800000,1746403140000,600,4983,199,3488
acb8b263-a407-44cd-95b5-f9d15c3c8ea6,1746403200000,1746489540000,600,6041,241,4228
64d37501-ae4e-4e51-a4ab-00a806bb25cf,1746489600000,1746575940000,600,1927,77,1348
9f561549-6ce7-4a0b-893f-51c8c9ef1cd9,1746576000000,1746662340000,600,1254,50,877
b951277d-5693-42d8-84c7-b3dd4e871460,1746662400000,1746748740000,600,7008,280,4905
32980150-ecfe-4509-9c49-325ead306b41,1746748800000,1746835140000,600,4645,185,3251
976a595c-0a76-4fd4-be16-95951bc36cca,1746835200000,1746921540000,600,5246,209,3672
eca62427-79fb-4984-8286-14010fba534d,1746921600000,1747007940000,600,6458,258,4520
d335c79d-6e92-4b9c-9d27-421f080cd63d,1747008000000,1747094340000,600,13558,542,9490
5d463c22-e7b9-4ee8-b4b9-aa3d64046371,1747094400000,1747180740000,600,6345,253,4441
1342807a-cbac-408e-a6ab-27ea227cc935,1747180800000,1747267140000,600,7721,308,5404
fbaa9881-452b-41b8-8af8-09718b68e164,1747267200000,1747353540000,600,7250,290,5075
aa1ebca0-4ad4-4570-b18b-5967f0e5f4a8,1747353600000,1747439940000,600,4570,182,3199
96adaab1-3ace-4792-a3c1-aa3139d833df,1747440000000,1747526340000,600,4536,181,3175
26de8c14-5c6f-46a5-ad42-6e001f41b724,1747526400000,1747612740000,600,4453,178,3117
2801648d-a645-4dca-8d74-06af623769af,1747612800000,1747699140000,600,6865,274,4805
c85d4373-285f-4cf9-aa47-c90aaaaf835b,1747699200000,1747785540000,600,7872,314,5510
a226bc87-aa46-4d5c-8a32-7e739a8976d1,1747785600000,1747871940000,600,1098,43,768
7111456b-6460-4254-b955-abb9557f26e0,1747872000000,1747958340000,600,4054,162,2837
26ca4489-5945-400f-af57-046edeb64413,1747958400000,1748044740000,600,4494,179,3145
84068cc2-ed7f-436a-b343-61f593f0b0ce,1748044800000,1748131140000,600,1199,47,839
0b64b3f5-a4a6-4d9b-b7ea-6d2001f83023,1748131200000,1748217540000,600,4714,188,3299
be14176c-c6e6-4e9f-a0e0-bb469e8d40f4,1748217600000,1748303940000,600,6502,260,4551
e995cd28-7d22-42f3-9734-c9ead1942293,1748304000000,1748390340000,600,6697,267,4687
c2dc9539-9702-431b-8b37-7ab3b90bf80d,1748390400000,1748476740000,600,1250,50,875
c3b503d5-2c44-4ddc-bcd2-ea65e8befe1e,1748476800000,1748563140000,600,4378,175,3064
7d079f10-985a-4791-8b7e-93128782ecf5,1748563200000,1748649540000,600,6276,251,4393
88ed6511-30de-4a55-99d5-6cb10ecf72ef,1748649600000,1748735940000,600,1911,76,1337
8da650c5-5cf7-409b-b225-76e84232e32c,1748736000000,1748822340000,600,7811,312,5467
1fda78f3-b038-4f41-8272-0ccd2a2040b3,1748822400000,1748908740000,600,7358,294,5150
948ecadb-93f2-43d4-9241-d3e0d181a083,1748908800000,1748995140000,600,5933,237,4153
7b17c214-130b-4157-828a-74563e481a40,1748995200000,1749081540000,600,6039,241,4227
e78a3399-7f1f-494a-a03e-de71724ab436,1749081600000,1749167940000,600,6215,248,4350
cc4a9cba-45e9-42bc-8e7f-e2ab63efbd10,1749168000000,1749254340000,600,7756,310,5429
f3166028-f126-4583-92ce-5bdeeaa3fcc5,1749254400000,1749340740000,600,6691,267,4683
8bb76764-8bf6-4535-a750-ffd2e13b8ae4,1749340800000,1749427140000,600,4079,163,2855
14f2e510-7da4-4434-a57a-1964c0b3b73a,1749427200000,1749513540000,600,1246,49,872
ad3f7919-df32-4ae6-837a-1082c8e9b06b,1749513600000,1749599940000,600,5757,230,4029
963b09ef-08bf-4499-82dc-acc1fbf1d40c,1749600000000,1749686340000,600,7141,285,4998
032b094d-b2cc-4714-92e1-6ea7b8cd2c73,1749686400000,1749772740000,600,6014,240,4209
3070db87-a2a8-48c0-8e51-5da5e717bb03,1749772800000,1749859140000,600,6366,254,4456
8d73c393-b72b-4592-86b6-c5ccc7e220c4,1749859200000,1749945540000,600,4193,167,2935
bb4d2611-325b-494f-bd6d-e1ed41002857,1749945600000,1750031940000,600,15360,614,10752
7b0f1281-4842-4ab1-bba9-5f9c5b0ea4ae,1750032000000,1750118340000,600,4888,195,3421
704685b7-2dbf-498b-b990-df45e23f5d17,1750118400000,1750204740000,600,1078,43,754
34046e11-c22f-43d0-a4b1-a5a1bd1b0f7c,1750204800000,1750291140000,600,1584,63,1108
795bbdec-1e8c-40ba-b0bc-a3cb13353954,1750291200000,1750377540000,600,13387,535,9370
5a24d567-8a0e-4ae5-bf14-0d53b39d9fa9,1750377600000,1750463940000,600,1458,58,1020
55e77ccb-927c-4a9e-a702-51a9489daf9a,1750464000000,1750550340000,600,1124,44,786
6682e92d-b5cb-49c3-a1c3-f1421c73f404,1750550400000,1750636740000,600,7271,290,5089
5177a6e8-db0c-46db-a854-1dae0f8952c8,1750636800000,1750723140000,600,1820,72,1274
b69ca57b-4d8c-440d-bdb7-3f3042c69716,1750723200000,1750809540000,600,7512,300,5258
ed00306d-226e-407d-b7cf-56fdac3930d6,1750809600000,1750895940000,600,4107,164,2874
1609dbc5-1013-477c-99da-6843ced5d28e,1750896000000,1750982340000,600,6301,252,4410
ce41fa12-46ca-4e71-9dd4-6343be755fbf,1750982400000,1751068740000,600,15648,625,10953
cd6389f8-b6f7-49aa-a416-11127b0cafa8,1751068800000,1751155140000,600,4488,179,3141
49b7e588-6303-4cb2-9a73-e8a57e039c49,1751155200000,1751241540000,600,6482,259,4537
de959152-0e6f-4ccd-a2bf-017431687629,1751241600000,1751327940000,600,5681,227,3976
16b370ed-8c30-4b65-8f56-a4c4f4fc226b,1751328000000,1751414340000,600,15676,627,10973
bc99e842-f29e-49d6-a81e-85aaeacea6dc,1751414400000,1751500740000,600,1681,67,1176
ae5690b5-503d-44f2-a5c7-91376839d86e,1751500800000,1751587140000,600,16621,664,11634
fbe18d88-4b9b-40a7-a197-9d0445186498,1751587200000,1751673540000,600,7700,308,5390
7297841c-c70e-415c-9db3-7f0783d7c127,1751673600000,1751759940000,600,4823,192,3376
d43a24dc-7136-4b9c-8192-176dfdc852b8,1751760000000,1751846340000,600,4182,167,2927
bb88f025-fca8-4845-89d6-b07feb5c534b,1751846400000,1751932740000,600,4493,179,3145
d11d19da-6f6a-4173-8462-98ed647a99ca,1751932800000,1752019140000,600,5209,208,3646
b5afda84-b370-4ebf-a3d8-0e9cb23e421b,1752019200000,1752105540000,600,13611,544,9527
f4bfe3f8-1643-494a-b531-5180bbc4ced5,1752105600000,1752191940000,600,1901,76,1330
59d91a29-08c4-4b76-9d28-220a7a2d7b01,1752192000000,1752278340000,600,1563,62,1094
2b6547c7-429a-49da-ba17-dfc47eeeb48b,1752278400000,1752364740000,600,7172,286,5020
ff6f2e8f-d086-4127-a7d6-d3a4e84ba6ef,1752364800000,1752451140000,600,7513,300,5259
4afe603d-0b7b-4fc3-9cf4-514c2f795359,1752451200000,1752537540000,600,6013,240,4209
82465919-c8fd-46b5-9717-00236437c3ba,1752537600000,1752623940000,600,7001,280,4900
d94a541f-a0dc-47c1-9da6-2f9e5a1a6708,1752624000000,1752710340000,600,15841,633,11088
9fcd7a82-f538-4b37-a539-829ca58daa2b,1752710400000,1752796740000,600,6701,268,4690
0e093fa5-d279-4678-b975-ed55a732d10a,1752796800000,1752883140000,600,4033,161,2823
9564fe72-a7e6-4f71-b9b9-034da5ae2886,1752883200000,1752969540000,600,5249,209,3674
fa8488ef-6558-4284-bdcf-80fdcb65c325,1752969600000,1753055940000,600,5099,203,3569
7819b018-1dcc-4e72-be8b-ccd77dc83d2d,1753056000000,1753142340000,600,5843,233,4090
37b01090-a2f8-4924-b988-1cb3b74c2c19,1753142400000,1753228740000,600,1636,65,1145
7d0a0db8-b127-4133-8210-4920d78aade7,1753228800000,1753315140000,600,1892,75,1324
be70b857-2c0c-421c-a85f-157686dddcc0,1753315200000,1753401540000,600,4256,170,2979
3b0501a6-1562-4e81-ad99-0e88b3e4e421,1753401600000,1753487940000,600,4125,165,2887
c8e26023-f9e5-4888-93b2-079beafc4bf8,1753488000000,1753574340000,600,1022,40,715
e87aeed2-ea0b-4704-b5ba-775c3ab3b66c,1753574400000,1753660740000,600,6610,264,4627
a7581faf-2afa-426c-8951-6cb7fbfc6fbf,1753660800000,1753747140000,600,6246,249,4372
69d58a09-b832-4afd-9afb-f9a03edafd7f,1753747200000,1753833540000,600,5665,226,3965
2b56ae18-d9a8-4a96-9fc6-a14c0b59f091,1753833600000,1753919940000,600,7416,296,5191
2e9c9b3b-8554-46df-9ee3-e1f0b589fe75,1753920000000,1754006340000,600,15766,630,11036
d0c120e9-67f3-4c32-b8ec-8e5471ea9be5,1754006400000,1754092740000,600,5145,205,3601
4b73174c-7786-4925-a0a9-42e7be8ec605,1754092800000,1754179140000,600,4311,172,3017
75555fb9-5ede-41ba-9f98-daca2e160da6,1754179200000,1754265540000,600,1134,45,793
3d6361ca-0fc4-4fde-aeea-e427a4b1ff3a,1754265600000,1754351940000,600,14530,581,10171
70d7d681-b633-4afd-a165-f49ceb6d04fe,1754352000000,1754438340000,600,4661,186,3262
9389eeec-f16f-48ef-b642-bbc844d9a122,1754438400000,1754524740000,600,5649,225,3954
3bb3823c-e890-4083-ad19-17b98745bf4f,1754524800000,1754611140000,600,14595,583,10216
892d71aa-a4a4-4a30-aae4-d8815a5ae6e2,1754611200000,1754697540000,600,7007,280,4904
17eabdac-1c33-406e-b2c3-a9fe979a885a,1754697600000,1754783940000,600,1846,73,1292
e893cf62-3591-4cdb-ba78-b926a28b61bb,1754784000000,1754870340000,600,5788,231,4051
33529d45-526b-4663-85e8-2c5a4b20495a,1754870400000,1754956740000,600,6800,272,4760
0aed3cb8-1dd4-46fe-9f4a-6527b0dcda52,1754956800000,1755043140000,600,7727,309,5408
96958219-fde9-44ef-a4fe-859be325441c,1755043200000,1755129540000,600,4615,184,3230
ccdc7d80-f613-4de0-8fba-09eebac9e5ce,1755129600000,1755215940000,600,7112,284,4978
fe432586-83d9-48b9-8b49-6f9d96d60500,1755216000000,1755302340000,600,7335,293,5134
60b7a7ae-8a0b-4422-93e0-5f0624aec72d,1755302400000,1755388740000,600,4867,194,3406
eb700663-6d70-4201-b65d-7e0ee485472b,1755388800000,1755475140000,600,5947,237,4162
fc9cc7fa-1f31-4ed7-9ede-166d4a33b763,1755475200000,1755561540000,600,1240,49,868
86961d6b-f247-4264-b94b-5eb23918c5c2,1755561600000,1755647940000,600,7553,302,5287
2ce5e133-e8b8-465b-a363-b3e0c27c2abf,1755648000000,1755734340000,600,6073,242,4251
f4d5d39a-095a-46d2-b7ba-5130a68c8848,1755734400000,1755820740000,600,5679,227,3975
483d8141-ad37-4e8d-916b-cd71563ddb06,1755820800000,1755907140000,600,5893,235,4125
646f40ac-7cd0-4893-815d-beabeffbff7b,1755907200000,1755993540000,600,5960,238,4172
98d5618e-4d92-4e6d-a00e-63227b6532ee,1755993600000,1756079940000,600,7606,304,5324
805e6380-8aa9-4eb6-ac08-2dab173b8e96,1756080000000,1756166340000,600,1835,73,1284
143c6903-259d-499a-9248-177ae9ba822b,1756166400000,1756252740000,600,7458,298,5220
49a091d1-c647-407a-9ca0-ef3496254da7,1756252800000,1756339140000,600,5062,202,3543
ab592302-59ea-4d41-aaa2-cb9fc6a74186,1756339200000,1756425540000,600,5472,218,3830
5eca2036-198c-4f6b-b1f0-45bdcd9d8150,1756425600000,1756511940000,600,1922,76,1345
838b5081-dbf9-49f2-a633-35b14a4f2e4f,1756512000000,1756598340000,600,5871,234,4109
1c912f36-5584-43bc-ac1c-d3897f8f5d54,1756598400000,1756684740000,600,5724,228,4006
1a73092a-6468-47c8-890e-3313d4b1209e,1756684800000,1756771140000,600,7809,312,5466
e4ef31ec-12e3-47b9-a2ac-d281e286e49a,1756771200000,1756857540000,600,6176,247,4323
56303ee6-8eb9-4cd0-a569-5ed05fcad8d8,1756857600000,1756943940000,600,4665,186,3265
e1301847-4c69-4265-8de7-e7b35d4bd663,1756944000000,1757030340000,600,14940,597,10458
b984868e-5374-4a04-88e8-129a1f9f8c8f,1757030400000,1757116740000,600,6678,267,4674
20268e12-bfd8-4363-abdd-5818ea04a136,1757116800000,1757203140000,600,1430,57,1000
7c1877b5-7c2b-4283-9413-1c27752a2810,1757203200000,1757289540000,600,4646,185,3252
b045d7a7-7911-45c3-93a2-8f9e5e775cb2,1757289600000,1757375940000,600,1975,79,1382
68674bd7-e362-41ab-8546-c50b8c8b0bfc,1757376000000,1757462340000,600,4075,163,2852
bf73542c-18a9-4bc1-b7e0-ae4212d0ae37,1757462400000,1757548740000,600,13862,554,9703
e4604103-0ec1-4385-b3fd-db7df59b8b72,1757548800000,1757635140000,600,16378,655,11464
274d6cbb-66e5-49f6-8a72-b901511fdcff,1757635200000,1757721540000,600,1449,57,1014
11feee7d-4360-49d9-ade0-008202dc09d0,1757721600000,1757807940000,600,1375,55,962
d996b1d9-97c7-4d91-b9f8-f5eb7a1bb626,1757808000000,1757894340000,600,15126,605,10588
f95fc618-65f8-4100-84a2-dedc0e112c30,1757894400000,1757980740000,600,5676,227,3973
68a4595b-a95a-415d-b648-28110fe3d3e5,1757980800000,1758067140000,600,1819,72,1273
9d518978-dfab-495a-a80a-bd3d5d688511,1758067200000,1758153540000,600,6257,250,4379
57e9ae7a-2350-4735-b862-84b57f48ca9d,1758153600000,1758239940000,600,6755,270,4728
a909c42e-3ae0-465b-b1ed-9c746ca41223,1758240000000,1758326340000,600,6151,246,4305
03b3f986-c086-4b6d-a90c-0910f5c611bd,1758326400000,1758412740000,600,5151,206,3605
0e2d0e9a-8514-43e8-9806-8b75d2a40b9f,1758412800000,1758499140000,600,6921,276,4844
9aee1222-f669-4c59-b276-9b4ac0568894,1758499200000,1758585540000,600,14224,568,9956
68bf9cb2-1352-4a4f-bbef-ff2df86a1668,1758585600000,1758671940000,600,6593,263,4615
a9bedcde-24a0-498d-a921-219a92c6a52b,1758672000000,1758758340000,600,1610,64,1127
df8807f0-6eff-4da3-9206-43b7e0ade3e9,1758758400000,1758844740000,600,1561,62,1092
dfa5f716-408d-4215-bb89-6aa5a2e8717f,1758844800000,1758931140000,600,6827,273,4778
0541c3df-d1fb-4312-b01e-d5eb68036329,1758931200000,1759017540000,600,6333,253,4433
f9d4eafc-5948-4d5e-b0f7-fe608803bb4d,1759017600000,1759103940000,600,6938,277,4856
1750023f-0904-4b5f-a553-44b4e4594243,1759104000000,1759190340000,600,6361,254,4452
eeca35ca-815d-4667-8bc9-6177867585e9,1759190400000,1759276740000,600,5269,210,3688
53c72526-50b7-462d-8c72-2c65263b2255,1759276800000,1759363140000,600,5067,202,3546
237e27af-3782-4319-a235-d17dd0cc757e,1759363200000,1759449540000,600,13908,556,9735
62c6b8de-d762-4294-9417-9c9a6ae04933,1759449600000,1759535940000,600,5179,207,3625
be48f4ed-88d8-4222-a5b3-2d1c5c3936ae,1759536000000,1759622340000,600,4516,180,3161
24ae683c-cad5-4bc1-b46c-520f57717fc7,1759622400000,1759708740000,600,4720,188,3304
97d27d22-d708-4550-8b5b-04a810d4646d,1759708800000,1759795140000,600,5076,203,3553
339ffbb9-be02-40c8-85c5-e792855ac8ca,1759795200000,1759881540000,600,6330,253,4431
1019bc43-1de6-41e1-a454-748ab87d6439,1759881600000,1759967940000,600,1204,48,842
1c7bfc7d-d4d9-49fb-9d30-ef00acf96da3,1759968000000,1760054340000,600,4127,165,2888
669199f4-7537-4824-b301-d536154ac811,1760054400000,1760140740000,600,6730,269,4711
11c522df-61c5-40d9-a264-0227ca8d7690,1760140800000,1760227140000,600,6972,278,4880
2f8892a5-a5fa-498f-a76c-7d40d28e4724,1760227200000,1760313540000,600,5285,211,3699
fbe17b46-18c7-40b7-bb43-1bf32a248374,1760313600000,1760399940000,600,6963,278,4874
088a0cc3-0c28-4705-ad15-7e07ca7d600a,1760400000000,1760486340000,600,1939,77,1357
1fec1cda-5e3d-4c54-a176-99fc8fd8ffdf,1760486400000,1760572740000,600,5887,235,4120
8969524f-7b16-446e-9f06-9ae956e7e774,1760572800000,1760659140000,600,5170,206,3618
adffa6af-4626-4b71-bcae-11f6c4ea59ff,1760659200000,1760745540000,600,4738,189,3316
7cfa6eb0-1572-4a75-9007-867973b7f5b2,1760745600000,1760831940000,600,6802,272,4761
e13cebb6-6f82-4de9-a15c-36ef3091f7d0,1760832000000,1760918340000,600,5989,239,4192
40612fca-06f5-49d8-a457-7bd65aed2524,1760918400000,1761004740000,600,6383,255,4468
f64fc4d7-c107-47d3-8e48-42772572e344,1761004800000,1761091140000,600,5143,205,3600
46c4d9cf-c2ca-4ab0-9d2a-652da7d020fa,1761091200000,1761177540000,600,15989,639,11192
6e281f2a-02d7-42ca-912c-3ca6aa0823ec,1761177600000,1761263940000,600,7662,306,5363
6608ef97-18ce-4285-b243-9ce80924803e,1761264000000,1761350340000,600,1475,59,1032
86b7daf7-2159-47c5-b69b-4489ef2d6038,1761350400000,1761436740000,600,6740,269,4718
8fc9ddf9-aae0-4eb9-881b-185d2e7bc000,1761436800000,1761523140000,600,7362,294,5153
bbb21dd8-92f5-426e-b491-c68c4c5cdcca,1761523200000,1761609540000,600,5323,212,3726
d4291f04-2ef9-4a20-981a-8511c2aa067d,1761609600000,1761695940000,600,5656,226,3959
bcddfd7a-cd09-446d-b70d-5ff09be682f9,1761696000000,1761782340000,600,1935,77,1354
63c14d6c-1cee-4c6e-b465-da1a88e2e176,1761782400000,1761868740000,600,6689,267,4682
c50ff5cc-d517-455d-a5e0-d5820bbb671d,1761868800000,1761955140000,600,4725,189,3307
4b640cdd-2fe5-48fb-a4e5-3eb4f8f26416,1761955200000,1762041540000,600,4244,169,2970
5bbe19fe-6c4d-42d3-aa8e-532ac8b7063c,1762041600000,1762127940000,600,15806,632,11064
2ff56c29-8957-4600-b338-cda32a0fa4d2,1762128000000,1762214340000,600,5339,213,3737
89c3d5b7-5fec-4073-a337-03c3a97f0ef6,1762214400000,1762300740000,600,1737,69,1215
df0bd16a-a90b-4887-ae9d-4d51365f28e0,1762300800000,1762387140000,600,1305,52,913
354ae825-12bf-452a-9a29-50e6e0400898,1762387200000,1762473540000,600,7613,304,5329
a54c815a-dae3-4114-853c-512e48189104,1762473600000,1762559940000,600,1156,46,809
23720ee1-24ca-40cd-98ba-ee3b68156ca2,1762560000000,1762646340000,600,1212,48,848
d2e52909-7f80-486d-babb-48851f202498,1762646400000,1762732740000,600,7144,285,5000
044f88b5-9412-4067-839a-d573218b9197,1762732800000,1762819140000,600,4517,180,3161
2934e860-5b10-43de-a919-b5ff7e488cea,1762819200000,1762905540000,600,1360,54,951
01018624-ca20-430a-a396-f8c35074c95f,1762905600000,1762991940000,600,1207,48,844
f0e5a0e5-ae0f-4bf6-bb40-34f4b0cfd4b7,1762992000000,1763078340000,600,4165,166,2915
8a0d2a15-8901-4822-a202-53e228246377,1763078400000,1763164740000,600,6570,262,4599
0a5258e5-62b7-47a6-9b14-51233f2ade61,1763164800000,1763251140000,600,4637,185,3245
d3df6ee5-90ca-48f4-b762-7cc744a4de0b,1763251200000,1763337540000,600,1128,45,789
9a16303d-cdcc-4f45-ba85-45b205b72bb9,1763337600000,1763423940000,600,5584,223,3908
659cecbd-668f-4b38-b0db-ff49d4a2b033,1763424000000,1763510340000,600,16749,669,11724
59086b29-40c5-4421-9804-2f735880b061,1763510400000,1763596740000,600,4925,197,3447
abb50f18-323b-457a-b461-f900ce2c3635,1763596800000,1763683140000,600,6073,242,4251
2e86289b-1e03-48f0-89c1-ee63b07be8e4,1763683200000,1763769540000,600,5423,216,3796
341c83d9-8450-4e5c-80fe-8a9adcab4672,1763769600000,1763855940000,600,1151,46,805
d1a90154-1f19-4b0e-8089-338f4d7a0422,1763856000000,1763942340000,600,5886,235,4120
b244b0a4-715a-497b-af2a-cd3f6d208503,1763942400000,1764028740000,600,4919,196,3443
29415192-6e7a-4055-884a-1196051995cd,1764028800000,1764115140000,600,4704,188,3292
0ad264c3-49aa-4722-bcc7-b573bc862d51,1764115200000,1764201540000,600,6699,267,4689
7714eac3-b63e-459e-a2bc-0eb9f7723609,1764201600000,1764287940000,600,5150,206,3604
0ba4a391-c522-4679-b814-40bb005eaa3b,1764288000000,1764374340000,600,1922,76,1345
e0f55ec1-7b4f-4e38-b047-4759dc11d07c,1764374400000,1764460740000,600,1439,57,1007
02be5b6e-2a35-41a1-859a-e5dbb17a4150,1764460800000,1764547140000,600,6956,278,4869
35a0cbd6-5e97-47be-b599-c2cbc6d6beda,1764547200000,1764633540000,600,7414,296,5189
97625646-f0a4-4b99-b6fa-f15f18435ab3,1764633600000,1764719940000,600,7720,308,5404
88cf588f-3981-4e7d-b2f0-a12c0a9c792e,1764720000000,1764806340000,600,1908,76,1335
3d163e80-aac8-4439-886c-13b1a4f68057,1764806400000,1764892740000,600,5882,235,4117
c0652248-934e-4f30-a9b7-16e6d9d3e8c9,1764892800000,1764979140000,600,13834,553,9683
08c12e50-403d-4b2e-b5f5-86c360564e13,1764979200000,1765065540000,600,1840,73,1288
dae7935e-b903-4d1c-bc08-0fdbcf0f7e67,1765065600000,1765151940000,600,4888,195,3421
c960c41a-5050-420a-880c-5561d021dfb6,1765152000000,1765238340000,600,7153,286,5007
42522971-5e6c-4efd-8ca0-629bf337de9d,1765238400000,1765324740000,600,1950,78,1365
4f39a72f-d98a-4a6f-8646-81c0681f77ba,1765324800000,1765411140000,600,7433,297,5203
7d08768d-5679-4982-b0e3-a276cbcd66dc,1765411200000,1765497540000,600,1639,65,1147
9dd5bb00-13e5-413e-89e0-0f8e345daf17,1765497600000,1765583940000,600,13015,520,9110
67565500-5162-477e-9184-22f7bccc2b46,1765584000000,1765670340000,600,5925,237,4147
59d5531f-207e-4648-872a-27f832b4d4a4,1765670400000,1765756740000,600,5986,239,4190
88f6453f-bca0-4913-9918-65076fe5a270,1765756800000,1765843140000,600,1252,50,876
c8fbcd8a-7e9c-45f5-8c28-7c4e3c8fe694,1765843200000,1765929540000,600,5169,206,3618
ac5dc79c-be05-45b9-af5d-5d9f2aacd094,1765929600000,1766015940000,600,7677,307,5373
e40afe09-8d6b-4259-aede-f0772289a1d2,1766016000000,1766102340000,600,6402,256,4481
643bb420-06c6-4010-85d3-8b777d78f1f4,1766102400000,1766188740000,600,6109,244,4276
4d91592e-5d6f-4d12-b5d5-bec62a83bf5c,1766188800000,1766275140000,600,15139,605,10597
46431b60-55a9-47d6-abbc-79b6006170fa,1766275200000,1766361540000,600,1850,74,1295
bd7f7249-2108-43a2-90ab-511b894143db,1766361600000,1766447940000,600,5958,238,4170
345b6072-4628-4cf9-a86b-2c04b46802b6,1766448000000,1766534340000,600,4950,198,3465
207a0d2a-33a8-44d7-952f-a7448099fc62,1766534400000,1766620740000,600,1762,70,1233
ffcbf64c-182d-45b1-873b-98a9f27440f8,1766620800000,1766707140000,600,6786,271,4750
b74cd739-6304-4674-9252-7d19a4bcf985,1766707200000,1766793540000,600,1831,73,1281
53af4451-ab10-4c07-89c1-61eb7179db55,1766793600000,1766879940000,600,1787,71,1250
24feacc8-5619-4c49-9f68-6c3db448bda1,1766880000000,1766966340000,600,7212,288,5048
64901e54-1f30-43c1-82fc-036e5a8cc888,1766966400000,1767052740000,600,5830,233,4080
0a362fc7-226a-439b-84fc-c6f2a6dfba49,1767052800000,1767139140000,600,6857,274,4799
b21bc238-21dd-4455-9cac-8ed643db4e40,1767139200000,1767225540000,600,1169,46,818
6a72a01c-4e6a-427b-994e-bcff928242aa,1767225600000,1767311940000,600,16084,643,11258
2cb6e578-1502-47e2-ab8a-a680e1da3f36,1767312000000,1767398340000,600,1111,44,777
974e7da9-0ed7-4374-8f6c-22599f26dcc7,1767398400000,1767484740000,600,5347,213,3742
1b05b99e-1cc4-4533-bf97-99ff4458de0b,1767484800000,1767571140000,600,7958,318,5570
c93b788f-737a-40f6-acae-7b0c11b57595,1767571200000,1767657540000,600,5618,224,3932
09f26f14-6afb-4c8c-97bc-cff374092fe8,1767657600000,1767743940000,600,1482,59,1037
3948249d-fea8-4db4-9f30-dc91ef8d3cc8,1767744000000,1767830340000,600,5774,230,4041
9ef0c7fd-8eec-4692-b76f-6f80d05505e8,1767830400000,1767916740000,600,6334,253,4433
d93a4b94-4d19-438f-9402-59bf8b6e654a,1767916800000,1768003140000,600,6636,265,4645
880c0cd7-4c62-41f5-9d42-d4fc43a144a2,1768003200000,1768089540000,600,1197,47,837
8ad5f663-789d-4575-8955-e3f9faeb70c6,1768089600000,1768175940000,600,1405,56,983
73c2c652-b6ea-45d8-8b18-14234cec27bf,1768176000000,1768262340000,600,1030,41,721
b6aba64f-d689-4e0a-ba40-e05ef0860bff,1768262400000,1768348740000,600,4838,193,3386
ca8d8aff-a66d-4230-b240-dd3083f8f15b,1768348800000,1768435140000,600,7764,310,5434
e21bfec0-f00f-4efc-8cb1-6e8459caee22,1768435200000,1768521540000,600,7210,288,5047
3b5560c5-cd57-4b2e-9236-34e723eb1263,1768521600000,1768607940000,600,1816,72,1271
aa322204-ee5d-4b31-be6b-fd39be549bf3,1768608000000,1768694340000,600,6338,253,4436
0b196ff5-a144-4505-ae8f-aca20c6172b7,1768694400000,1768780740000,600,7601,304,5320
6df58490-3b52-4309-8661-0d024ef1afc7,1768780800000,1768867140000,600,1803,72,1262
7ca9ea02-81f3-4b23-8b7c-ebba4d899930,1768867200000,1768953540000,600,1643,65,1150
1b535095-05b1-4183-9b9b-d2ff516f810e,1768953600000,1769039940000,600,5075,203,3552
4bd996eb-d0b0-4443-9c7e-bcb44b4b28d2,1769040000000,1769126340000,600,6741,269,4718
db53af4e-6fe7-4edf-b473-2b4bca5b8426,1769126400000,1769212740000,600,5390,215,3772
e74039cc-515c-48c1-92e9-5704914baf87,1769212800000,1769299140000,600,1151,46,805
d8c9d50f-bf41-4d5d-af1d-0c040bd8d352,1769299200000,1769385540000,600,1216,48,851
bd0ec26d-6875-449b-80e5-b9a931ab9412,1769385600000,1769471940000,600,1736,69,1215
2ac567fe-2bd3-44b3-b7f8-317a94dc6e62,1769472000000,1769558340000,600,6618,264,4632
0afbbbda-a18f-4495-933d-52f9abf5169e,1769558400000,1769644740000,600,6894,275,4825
9ae77e33-d442-49ef-ab3a-ef49bde4f49b,1769644800000,1769731140000,600,7022,280,4915
c1bc1da3-20f5-49aa-a125-2482fb51142a,1769731200000,1769817540000,600,5803,232,4062
354c51ab-b4ae-4ad8-a135-e334a6b2ada1,1769817600000,1769903940000,600,5881,235,4116
c84b6cca-9172-401b-beae-fd5c5f1de166,1769904000000,1769990340000,600,13423,536,9396
9c097374-90e0-4426-9ac2-e5369d8554d2,1769990400000,1770076740000,600,7730,309,5411
b0169d24-0763-43d2-892c-f18ed9574944,1770076800000,1770163140000,600,6300,252,4410
05e419d0-232e-43b5-ba1b-cbdf6897b47e,1770163200000,1770249540000,600,7119,284,4983
f6b736e5-d607-44e4-be75-eae1af655f81,1770249600000,1770335940000,600,5137,205,3595
fd1f98f4-e1a6-48f5-a051-897193e37109,1770336000000,1770422340000,600,6112,244,4278
28eff0ca-b9e2-49ba-a380-3772fce48343,1770422400000,1770508740000,600,4931,197,3451
2d62f355-9aee-4ce0-bd6e-94e97c2d7d68,1770508800000,1770595140000,600,4789,191,3352
f0ca1e0e-72f4-43b0-9fea-1ac2ec18f8a5,1770595200000,1770681540000,600,6476,259,4533
9fe125c1-329a-4342-82df-fcf4d217830d,1770681600000,1770767940000,600,1011,40,707
813e15f4-c71f-46c0-8f78-25944d3fc6af,1770768000000,1770854340000,600,5036,201,3525
2f27a815-4013-47d7-9526-672264212997,1770854400000,1770940740000,600,14836,593,10385
c9358dd8-7cd5-44d6-b6f7-c3f2f08456d4,1770940800000,1771027140000,600,14614,584,10229
9961cd5d-df8c-4dba-825d-13751ab9d608,1771027200000,1771113540000,600,1782,71,1247
12dde0ba-c456-4bae-a283-35db28acd6e9,1771113600000,1771199940000,600,7661,306,5362
e671c44e-f094-4ab6-be7b-cce3e0a978cd,1771200000000,1771286340000,600,6428,257,4499
b416273d-e99e-46dc-9a9c-730e14087653,1771286400000,1771372740000,600,16314,652,11419
82d81234-0809-4720-9a36-f1fb892ccc49,1771372800000,1771459140000,600,7451,298,5215
b5b9672e-6826-4212-b0a6-65a1aa533e24,1771459200000,1771545540000,600,6247,249,4372
b70e8b44-0ff4-476a-84ad-69eaebbf576d,1771545600000,1771631940000,600,4608,184,3225
eff5b1d9-15f6-410a-88ba-1eb60bfaea21,1771632000000,1771718340000,600,7856,314,5499
b29257f9-22a6-49e0-8fe9-76087a09edf0,1771718400000,1771804740000,600,1367,54,956
9873ed4c-d3ab-44fb-a1f6-b89a88cb6be1,1771804800000,1771891140000,600,16244,649,11370
b61cbe56-4a57-47c6-a6e4-4e8901d8a8bb,1771891200000,1771977540000,600,4807,192,3364
09b2be42-72fe-4b79-aa65-f3a54df16d1a,1771977600000,1772063940000,600,4184,167,2928
2a0999fe-8f5c-4612-aae7-a8c166c9ed41,1772064000000,1772150340000,600,6771,270,4739
d0d58596-0736-40c3-9b5c-6c9dff1575d5,1772150400000,1772236740000,600,1545,61,1081
b8b50c20-a97b-4281-9984-fdcdf9bef358,1772236800000,1772323140000,600,5795,231,4056
d7c93add-8bb1-42bc-a339-408894061f34,1772323200000,1772409540000,600,6721,268,4704
502c4be1-15e3-432b-98c3-a29d56e684eb,1772409600000,1772495940000,600,5955,238,4168
c4d48324-604e-4e1a-a0ee-f20f363f8ff4,1772496000000,1772582340000,600,7272,290,5090
d421f87a-6840-4019-81d2-658d000c00ea,1772582400000,1772668740000,600,5330,213,3730
70d8ded8-3db8-4a5b-9435-bf934957995d,1772668800000,1772755140000,600,14080,563,9856
adfcfc1e-f2ec-41b8-9ba3-e355c61f21f6,1772755200000,1772841540000,600,5861,234,4102
fb0b7282-ee68-4785-bf85-c07f96b0c9a2,1772841600000,1772927940000,600,16535,661,11574
2ef0234c-2c95-4e17-a723-7c0be6a9c85a,1772928000000,1773014340000,600,1138,45,796
92f5cd17-08e3-4722-973a-b82eb1632f89,1773014400000,1773100740000,600,13384,535,9368
7849bbe8-0007-43f7-a067-1d9e52005234,1773100800000,1773187140000,600,5467,218,3826
b83bc775-daf2-4ae0-b466-f4ebbd1f30fa,1773187200000,1773273540000,600,16238,649,11366
724a46ce-b937-4046-ba61-32a36166115e,1773273600000,1773359940000,600,4460,178,3122
80f65d73-914f-43fb-acae-ce4eec3b46c7,1773360000000,1773446340000,600,15345,613,10741
a70a87f8-5c8b-4fde-974f-a60a4d6f6ac9,1773446400000,1773532740000,600,5062,202,3543
4d810c50-4b0d-4a9a-af59-7244ac6c3d76,1773532800000,1773619140000,600,4906,196,3434
30309fd6-349a-4de8-a647-8b19b4b9971c,1773619200000,1773705540000,600,1748,69,1223
7773d831-a6ca-407d-804e-8c36635b794a,1773705600000,1773791940000,600,13293,531,9305
5125c05c-b9ad-4b0c-aa4d-9936824d7bb7,1773792000000,1773878340000,600,14018,560,9812
9d9462c8-3a0f-4150-ac65-c8fcbcfe1596,1773878400000,1773964740000,600,7695,307,5386
dd3efb77-c84e-45b8-85ef-797b18657e66,1773964800000,1774051140000,600,1565,62,1095
7fced32f-c795-4910-9dd9-1f5c3683dd1f,1774051200000,1774137540000,600,14474,578,10131
b27f92ca-2550-45f6-aa7b-5e6f08fe090b,1774137600000,1774223940000,600,6931,277,4851
9bcd9fa7-3119-4f83-b18e-bc6134bad05e,1774224000000,1774310340000,600,4964,198,3474
18e693c1-b424-4326-b485-94bc625bb855,1774310400000,1774396740000,600,5638,225,3946
8a7d0cdf-929b-4753-9989-eb372022647d,1774396800000,1774483140000,600,4855,194,3398
03d5ffd1-b882-4f32-af4f-dea5abc7b6d9,1774483200000,1774569540000,600,1597,63,1117
c7ed460c-366a-4a08-9e18-eae7b52c61c1,1774569600000,1774655940000,600,1943,77,1360
7bf261fe-bc07-49b1-a1e9-6a99d17e24c7,1774656000000,1774742340000,600,15689,627,10982
3d41fda9-1e1b-4fa6-b1fc-2f72df5e803a,1774742400000,1774828740000,600,6068,242,4247
9952afd2-0b6b-4c37-90b7-debb0d188596,1774828800000,1774915140000,600,7765,310,5435
09fd8368-6781-4594-b99a-bcf8a95ae69d,1774915200000,1775001540000,600,15037,601,10525
15909fa9-7f9b-48f2-ba2a-d1df5ee4221c,1775001600000,1775087940000,600,4793,191,3355
2abbf4eb-9013-4d6e-b460-dc93702be900,1775088000000,1775174340000,600,16508,660,11555
be1256d3-2895-4733-b404-370db0d907da,1775174400000,1775260740000,600,4857,194,3399
e67ec09e-2cba-408f-9a7c-857bc12da8a1,1775260800000,1775347140000,600,1321,52,924
f6496d21-3e71-4ba5-bf6b-e1a490ec3f06,1775347200000,1775433540000,600,1961,78,1372
c0e5efaf-0eda-4244-b4d5-e8803010dcff,1775433600000,1775519940000,600,6463,258,4524
bfadef21-2c23-445d-a42b-d92f32aea30f,1775520000000,1775606340000,600,4497,179,3147
1bfd1e29-3266-4f3c-9519-9f83cec00179,1775606400000,1775692740000,600,4032,161,2822
a4930b2a-d760-4cf5-889b-3857c5185f6e,1775692800000,1775779140000,600,4674,186,3271
231ff479-44f7-4024-91a0-a5dac2c8ea70,1775779200000,1775865540000,600,6065,242,4245
70d3127e-ea2b-4893-a4cb-91fc6fa9f655,1775865600000,1775951940000,600,4270,170,2989
a463e371-35db-457c-95a8-14e73ddecf7a,1775952000000,1776038340000,600,7487,299,5240
b17e17b6-bc2c-4d10-8520-3be99dc3c7ac,1776038400000,1776124740000,600,4482,179,3137
805b65cd-6bc3-427c-8e00-45ea0b7fe2b6,1776124800000,1776211140000,600,6885,275,4819
1e90b92a-caae-4b99-9ba9-0817198aa7a3,1776211200000,1776297540000,600,1235,49,864
857d1ef3-e512-4403-b126-c959033f03ed,1776297600000,1776383940000,600,7212,288,5048
930aeaea-15cb-47e8-86b1-acc333571726,1776384000000,1776470340000,600,5065,202,3545
ab09514c-c388-4df9-a381-032b0fde71ee,1776470400000,1776556740000,600,5449,217,3814
c8c847bf-78ac-4741-afd3-d57b829c45c5,1776556800000,1776643140000,600,4674,186,3271
e89b5134-4dda-4ff5-ba32-a8fb56f9ef4c,1776643200000,1776729540000,600,15800,632,11060
cf89a1fc-ae6d-42ea-a4cd-6e34a8d2c8f3,1776729600000,1776815940000,600,13091,523,9163
694865c2-efc9-4caa-ace3-918b2abd900a,1776816000000,1776902340000,600,1177,47,823
15d6e33c-2f94-4bdf-b050-d0ac4923413a,1776902400000,1776988740000,600,1085,43,759
03604d96-b5c1-4a16-8094-a687b650c573,1776988800000,1777075140000,600,7623,304,5336
6f12bf51-7090-4ae6-9a0c-411cb431968a,1777075200000,1777161540000,600,14850,594,10395
b94f14c4-5d3e-423f-9573-0e4fe0fa12f1,1777161600000,1777247940000,600,6029,241,4220
91c961c4-a01d-4445-91cc-f02ac0f578b9,1777248000000,1777334340000,600,4790,191,3353
e9d96b5d-afe9-41da-be93-ae07d5a9c3d2,1777334400000,1777420740000,600,5122,204,3585
62bacef2-312e-47d8-b407-fdcc3057bee0,1777420800000,1777507140000,600,7521,300,5264
